Copyright 1986-2022 Xilinx, Inc. All Rights Reserved. Copyright 2022-2025 Advanced Micro Devices, Inc. All Rights Reserved.
---------------------------------------------------------------------------------------------------------------------------------------------------------------------------------------------------------------------------------------
| Tool Version : Vivado v.2025.2 (win64) Build 6299465 Fri Nov 14 19:35:11 GMT 2025
| Date         : Mon Oct  5 20:47:54 2026
| Host         : Rizztop running 64-bit major release  (build 9200)
| Command      : report_timing_summary -max_paths 10 -routable_nets -report_unconstrained -file basys_top_timing_summary_routed.rpt -pb basys_top_timing_summary_routed.pb -rpx basys_top_timing_summary_routed.rpx -warn_on_violation
| Design       : basys_top
| Device       : 7a35t-cpg236
| Speed File   : -1  PRODUCTION 1.23 2018-06-13
| Design State : Routed
---------------------------------------------------------------------------------------------------------------------------------------------------------------------------------------------------------------------------------------

Timing Summary Report

------------------------------------------------------------------------------------------------
| Timer Settings
| --------------
------------------------------------------------------------------------------------------------

  Enable Multi Corner Analysis               :  Yes
  Enable Pessimism Removal                   :  Yes
  Pessimism Removal Resolution               :  Nearest Common Node
  Enable Input Delay Default Clock           :  No
  Enable Preset / Clear Arcs                 :  No
  Disable Flight Delays                      :  No
  Ignore I/O Paths                           :  No
  Timing Early Launch at Borrowing Latches   :  No
  Borrow Time for Max Delay Exceptions       :  Yes
  Merge Timing Exceptions                    :  Yes
  Inter-SLR Compensation                     :  Conservative

  Corner  Analyze    Analyze    
  Name    Max Paths  Min Paths  
  ------  ---------  ---------  
  Slow    Yes        Yes        
  Fast    Yes        Yes        


------------------------------------------------------------------------------------------------
| Report Methodology
| ------------------
------------------------------------------------------------------------------------------------

Rule       Severity  Description                    Violations  
---------  --------  -----------------------------  ----------  
TIMING-18  Warning   Missing input or output delay  17          

Note: This report is based on the most recent report_methodology run and may not be up-to-date. Run report_methodology on the current design for the latest report.



check_timing report

Table of Contents
-----------------
1. checking no_clock (0)
2. checking constant_clock (0)
3. checking pulse_width_clock (0)
4. checking unconstrained_internal_endpoints (0)
5. checking no_input_delay (1)
6. checking no_output_delay (16)
7. checking multiple_clock (0)
8. checking generated_clocks (0)
9. checking loops (0)
10. checking partial_input_delay (0)
11. checking partial_output_delay (0)
12. checking latch_loops (0)

1. checking no_clock (0)
------------------------
 There are 0 register/latch pins with no clock.


2. checking constant_clock (0)
------------------------------
 There are 0 register/latch pins with constant_clock.


3. checking pulse_width_clock (0)
---------------------------------
 There are 0 register/latch pins which need pulse_width check


4. checking unconstrained_internal_endpoints (0)
------------------------------------------------
 There are 0 pins that are not constrained for maximum delay.

 There are 0 pins that are not constrained for maximum delay due to constant clock.


5. checking no_input_delay (1)
------------------------------
 There is 1 input port with no input delay specified. (HIGH)

 There are 0 input ports with no input delay but user has a false path constraint.


6. checking no_output_delay (16)
--------------------------------
 There are 16 ports with no output delay specified. (HIGH)

 There are 0 ports with no output delay but user has a false path constraint

 There are 0 ports with no output delay but with a timing clock defined on it or propagating through it


7. checking multiple_clock (0)
------------------------------
 There are 0 register/latch pins with multiple clocks.


8. checking generated_clocks (0)
--------------------------------
 There are 0 generated clocks that are not connected to a clock source.


9. checking loops (0)
---------------------
 There are 0 combinational loops in the design.


10. checking partial_input_delay (0)
------------------------------------
 There are 0 input ports with partial input delay specified.


11. checking partial_output_delay (0)
-------------------------------------
 There are 0 ports with partial output delay specified.


12. checking latch_loops (0)
----------------------------
 There are 0 combinational latch loops in the design through latch input



------------------------------------------------------------------------------------------------
| Design Timing Summary
| ---------------------
------------------------------------------------------------------------------------------------

    WNS(ns)      TNS(ns)  TNS Failing Endpoints  TNS Total Endpoints      WHS(ns)      THS(ns)  THS Failing Endpoints  THS Total Endpoints     WPWS(ns)     TPWS(ns)  TPWS Failing Endpoints  TPWS Total Endpoints  
    -------      -------  ---------------------  -------------------      -------      -------  ---------------------  -------------------     --------     --------  ----------------------  --------------------  
      3.125        0.000                      0                  158        0.195        0.000                      0                  158        4.500        0.000                       0                    95  


All user specified timing constraints are met.


------------------------------------------------------------------------------------------------
| Clock Summary
| -------------
------------------------------------------------------------------------------------------------

Clock        Waveform(ns)       Period(ns)      Frequency(MHz)
-----        ------------       ----------      --------------
sys_clk_pin  {0.000 5.000}      10.000          100.000         


------------------------------------------------------------------------------------------------
| Intra Clock Table
| -----------------
------------------------------------------------------------------------------------------------

Clock             WNS(ns)      TNS(ns)  TNS Failing Endpoints  TNS Total Endpoints      WHS(ns)      THS(ns)  THS Failing Endpoints  THS Total Endpoints     WPWS(ns)     TPWS(ns)  TPWS Failing Endpoints  TPWS Total Endpoints  
-----             -------      -------  ---------------------  -------------------      -------      -------  ---------------------  -------------------     --------     --------  ----------------------  --------------------  
sys_clk_pin         3.125        0.000                      0                  158        0.195        0.000                      0                  158        4.500        0.000                       0                    95  


------------------------------------------------------------------------------------------------
| Inter Clock Table
| -----------------
------------------------------------------------------------------------------------------------

From Clock    To Clock          WNS(ns)      TNS(ns)  TNS Failing Endpoints  TNS Total Endpoints      WHS(ns)      THS(ns)  THS Failing Endpoints  THS Total Endpoints  
----------    --------          -------      -------  ---------------------  -------------------      -------      -------  ---------------------  -------------------  


------------------------------------------------------------------------------------------------
| Other Path Groups Table
| -----------------------
------------------------------------------------------------------------------------------------

Path Group    From Clock    To Clock          WNS(ns)      TNS(ns)  TNS Failing Endpoints  TNS Total Endpoints      WHS(ns)      THS(ns)  THS Failing Endpoints  THS Total Endpoints  
----------    ----------    --------          -------      -------  ---------------------  -------------------      -------      -------  ---------------------  -------------------  


------------------------------------------------------------------------------------------------
| User Ignored Path Table
| -----------------------
------------------------------------------------------------------------------------------------

Path Group    From Clock    To Clock    
----------    ----------    --------    


------------------------------------------------------------------------------------------------
| Unconstrained Path Table
| ------------------------
------------------------------------------------------------------------------------------------

Path Group    From Clock    To Clock    
----------    ----------    --------    
(none)        sys_clk_pin                 
(none)                      sys_clk_pin   


------------------------------------------------------------------------------------------------
| Timing Details
| --------------
------------------------------------------------------------------------------------------------


---------------------------------------------------------------------------------------------------
From Clock:  sys_clk_pin
  To Clock:  sys_clk_pin

Setup :            0  Failing Endpoints,  Worst Slack        3.125ns,  Total Violation        0.000ns
Hold  :            0  Failing Endpoints,  Worst Slack        0.195ns,  Total Violation        0.000ns
PW    :            0  Failing Endpoints,  Worst Slack        4.500ns,  Total Violation        0.000ns
---------------------------------------------------------------------------------------------------


Max Delay Paths
--------------------------------------------------------------------------------------
Slack (MET) :             3.125ns  (required time - arrival time)
  Source:                 cpu/counter/pc_reg[9]/C
                            (rising edge-triggered cell FDRE clocked by sys_clk_pin  {rise@0.000ns fall@5.000ns period=10.000ns})
  Destination:            cpu/counter/pc_reg[31]/D
                            (rising edge-triggered cell FDRE clocked by sys_clk_pin  {rise@0.000ns fall@5.000ns period=10.000ns})
  Path Group:             sys_clk_pin
  Path Type:              Setup (Max at Slow Process Corner)
  Requirement:            10.000ns  (sys_clk_pin rise@10.000ns - sys_clk_pin rise@0.000ns)
  Data Path Delay:        6.882ns  (logic 3.565ns (51.799%)  route 3.317ns (48.201%))
  Logic Levels:           15  (CARRY4=11 LUT4=1 LUT5=1 LUT6=2)
  Clock Path Skew:        -0.019ns (DCD - SCD + CPR)
    Destination Clock Delay (DCD):    4.857ns = ( 14.857 - 10.000 ) 
    Source Clock Delay      (SCD):    5.150ns
    Clock Pessimism Removal (CPR):    0.274ns
  Clock Uncertainty:      0.035ns  ((TSJ^2 + TIJ^2)^1/2 + DJ) / 2 + PE
    Total System Jitter     (TSJ):    0.071ns
    Total Input Jitter      (TIJ):    0.000ns
    Discrete Jitter          (DJ):    0.000ns
    Phase Error              (PE):    0.000ns

    Location             Delay type                Incr(ns)  Path(ns)    Netlist Resource(s)
  -------------------------------------------------------------------    -------------------
                         (clock sys_clk_pin rise edge)
                                                      0.000     0.000 r  
    W5                                                0.000     0.000 r  clk (IN)
                         net (fo=0)                   0.000     0.000    clk
    W5                   IBUF (Prop_ibuf_I_O)         1.458     1.458 r  clk_IBUF_inst/O
                         net (fo=1, routed)           1.967     3.425    clk_IBUF
    BUFGCTRL_X0Y0        BUFG (Prop_bufg_I_O)         0.096     3.521 r  clk_IBUF_BUFG_inst/O
                         net (fo=94, routed)          1.629     5.150    cpu/counter/CLK
    SLICE_X3Y32          FDRE                                         r  cpu/counter/pc_reg[9]/C
  -------------------------------------------------------------------    -------------------
    SLICE_X3Y32          FDRE (Prop_fdre_C_Q)         0.456     5.606 r  cpu/counter/pc_reg[9]/Q
                         net (fo=2, routed)           0.955     6.562    cpu/counter/pc_reg[9]
    SLICE_X2Y36          LUT4 (Prop_lut4_I0_O)        0.124     6.686 r  cpu/counter/registers[3][31]_i_8/O
                         net (fo=2, routed)           0.546     7.231    cpu/counter/registers[3][31]_i_8_n_0
    SLICE_X1Y35          LUT5 (Prop_lut5_I4_O)        0.124     7.355 r  cpu/counter/registers[3][31]_i_4/O
                         net (fo=46, routed)          1.389     8.744    cpu/counter/registers[3][31]_i_4_n_0
    SLICE_X4Y30          LUT6 (Prop_lut6_I2_O)        0.124     8.868 r  cpu/counter/branch_taken0_carry_i_4/O
                         net (fo=1, routed)           0.000     8.868    cpu/core/branch/S[0]
    SLICE_X4Y30          CARRY4 (Prop_carry4_S[0]_CO[3])
                                                      0.532     9.400 r  cpu/core/branch/branch_taken0_carry/CO[3]
                         net (fo=1, routed)           0.000     9.400    cpu/core/branch/branch_taken0_carry_n_0
    SLICE_X4Y31          CARRY4 (Prop_carry4_CI_CO[3])
                                                      0.114     9.514 r  cpu/core/branch/branch_taken0_carry__0/CO[3]
                         net (fo=1, routed)           0.000     9.514    cpu/core/branch/branch_taken0_carry__0_n_0
    SLICE_X4Y32          CARRY4 (Prop_carry4_CI_CO[2])
                                                      0.228     9.742 r  cpu/core/branch/branch_taken0_carry__1/CO[2]
                         net (fo=1, routed)           0.428    10.170    cpu/counter/CO[0]
    SLICE_X3Y31          LUT6 (Prop_lut6_I0_O)        0.313    10.483 r  cpu/counter/pc[2]_i_2/O
                         net (fo=1, routed)           0.000    10.483    cpu/counter/pc[2]_i_2_n_0
    SLICE_X3Y31          CARRY4 (Prop_carry4_S[0]_CO[3])
                                                      0.532    11.015 r  cpu/counter/pc_reg[2]_i_1/CO[3]
                         net (fo=1, routed)           0.000    11.015    cpu/counter/pc_reg[2]_i_1_n_0
    SLICE_X3Y32          CARRY4 (Prop_carry4_CI_CO[3])
                                                      0.114    11.129 r  cpu/counter/pc_reg[6]_i_1/CO[3]
                         net (fo=1, routed)           0.000    11.129    cpu/counter/pc_reg[6]_i_1_n_0
    SLICE_X3Y33          CARRY4 (Prop_carry4_CI_CO[3])
                                                      0.114    11.243 r  cpu/counter/pc_reg[10]_i_1/CO[3]
                         net (fo=1, routed)           0.000    11.243    cpu/counter/pc_reg[10]_i_1_n_0
    SLICE_X3Y34          CARRY4 (Prop_carry4_CI_CO[3])
                                                      0.114    11.357 r  cpu/counter/pc_reg[14]_i_1/CO[3]
                         net (fo=1, routed)           0.000    11.357    cpu/counter/pc_reg[14]_i_1_n_0
    SLICE_X3Y35          CARRY4 (Prop_carry4_CI_CO[3])
                                                      0.114    11.471 r  cpu/counter/pc_reg[18]_i_1/CO[3]
                         net (fo=1, routed)           0.000    11.471    cpu/counter/pc_reg[18]_i_1_n_0
    SLICE_X3Y36          CARRY4 (Prop_carry4_CI_CO[3])
                                                      0.114    11.585 r  cpu/counter/pc_reg[22]_i_1/CO[3]
                         net (fo=1, routed)           0.000    11.585    cpu/counter/pc_reg[22]_i_1_n_0
    SLICE_X3Y37          CARRY4 (Prop_carry4_CI_CO[3])
                                                      0.114    11.699 r  cpu/counter/pc_reg[26]_i_1/CO[3]
                         net (fo=1, routed)           0.000    11.699    cpu/counter/pc_reg[26]_i_1_n_0
    SLICE_X3Y38          CARRY4 (Prop_carry4_CI_O[1])
                                                      0.334    12.033 r  cpu/counter/pc_reg[30]_i_1/O[1]
                         net (fo=1, routed)           0.000    12.033    cpu/counter/pc_reg[30]_i_1_n_6
    SLICE_X3Y38          FDRE                                         r  cpu/counter/pc_reg[31]/D
  -------------------------------------------------------------------    -------------------

                         (clock sys_clk_pin rise edge)
                                                     10.000    10.000 r  
    W5                                                0.000    10.000 r  clk (IN)
                         net (fo=0)                   0.000    10.000    clk
    W5                   IBUF (Prop_ibuf_I_O)         1.388    11.388 r  clk_IBUF_inst/O
                         net (fo=1, routed)           1.862    13.250    clk_IBUF
    BUFGCTRL_X0Y0        BUFG (Prop_bufg_I_O)         0.091    13.341 r  clk_IBUF_BUFG_inst/O
                         net (fo=94, routed)          1.516    14.857    cpu/counter/CLK
    SLICE_X3Y38          FDRE                                         r  cpu/counter/pc_reg[31]/C
                         clock pessimism              0.274    15.131    
                         clock uncertainty           -0.035    15.096    
    SLICE_X3Y38          FDRE (Setup_fdre_C_D)        0.062    15.158    cpu/counter/pc_reg[31]
  -------------------------------------------------------------------
                         required time                         15.158    
                         arrival time                         -12.033    
  -------------------------------------------------------------------
                         slack                                  3.125    

Slack (MET) :             3.200ns  (required time - arrival time)
  Source:                 cpu/counter/pc_reg[8]/C
                            (rising edge-triggered cell FDRE clocked by sys_clk_pin  {rise@0.000ns fall@5.000ns period=10.000ns})
  Destination:            cpu/core/registers/registers_reg[3][29]/D
                            (rising edge-triggered cell FDRE clocked by sys_clk_pin  {rise@0.000ns fall@5.000ns period=10.000ns})
  Path Group:             sys_clk_pin
  Path Type:              Setup (Max at Slow Process Corner)
  Requirement:            10.000ns  (sys_clk_pin rise@10.000ns - sys_clk_pin rise@0.000ns)
  Data Path Delay:        6.465ns  (logic 2.500ns (38.672%)  route 3.965ns (61.328%))
  Logic Levels:           10  (CARRY4=7 LUT4=1 LUT5=1 LUT6=1)
  Clock Path Skew:        -0.037ns (DCD - SCD + CPR)
    Destination Clock Delay (DCD):    4.853ns = ( 14.853 - 10.000 ) 
    Source Clock Delay      (SCD):    5.150ns
    Clock Pessimism Removal (CPR):    0.260ns
  Clock Uncertainty:      0.035ns  ((TSJ^2 + TIJ^2)^1/2 + DJ) / 2 + PE
    Total System Jitter     (TSJ):    0.071ns
    Total Input Jitter      (TIJ):    0.000ns
    Discrete Jitter          (DJ):    0.000ns
    Phase Error              (PE):    0.000ns

    Location             Delay type                Incr(ns)  Path(ns)    Netlist Resource(s)
  -------------------------------------------------------------------    -------------------
                         (clock sys_clk_pin rise edge)
                                                      0.000     0.000 r  
    W5                                                0.000     0.000 r  clk (IN)
                         net (fo=0)                   0.000     0.000    clk
    W5                   IBUF (Prop_ibuf_I_O)         1.458     1.458 r  clk_IBUF_inst/O
                         net (fo=1, routed)           1.967     3.425    clk_IBUF
    BUFGCTRL_X0Y0        BUFG (Prop_bufg_I_O)         0.096     3.521 r  clk_IBUF_BUFG_inst/O
                         net (fo=94, routed)          1.629     5.150    cpu/counter/CLK
    SLICE_X3Y32          FDRE                                         r  cpu/counter/pc_reg[8]/C
  -------------------------------------------------------------------    -------------------
    SLICE_X3Y32          FDRE (Prop_fdre_C_Q)         0.456     5.606 f  cpu/counter/pc_reg[8]/Q
                         net (fo=2, routed)           0.821     6.427    cpu/counter/pc_reg[8]
    SLICE_X1Y33          LUT4 (Prop_lut4_I0_O)        0.124     6.551 f  cpu/counter/registers[3][31]_i_7/O
                         net (fo=2, routed)           0.982     7.532    cpu/counter/registers[3][31]_i_7_n_0
    SLICE_X2Y36          LUT5 (Prop_lut5_I4_O)        0.150     7.682 f  cpu/counter/registers[3][31]_i_3/O
                         net (fo=46, routed)          1.066     8.748    cpu/counter/registers[3][31]_i_3_n_0
    SLICE_X3Y29          LUT6 (Prop_lut6_I4_O)        0.328     9.076 r  cpu/counter/result0_carry__0_i_3/O
                         net (fo=1, routed)           0.612     9.688    cpu/core/ALU1/rs1_data[5]
    SLICE_X2Y29          CARRY4 (Prop_carry4_DI[1]_CO[3])
                                                      0.520    10.208 r  cpu/core/ALU1/result0_carry__0/CO[3]
                         net (fo=1, routed)           0.000    10.208    cpu/core/ALU1/result0_carry__0_n_0
    SLICE_X2Y30          CARRY4 (Prop_carry4_CI_CO[3])
                                                      0.117    10.325 r  cpu/core/ALU1/result0_carry__1/CO[3]
                         net (fo=1, routed)           0.000    10.325    cpu/core/ALU1/result0_carry__1_n_0
    SLICE_X2Y31          CARRY4 (Prop_carry4_CI_CO[3])
                                                      0.117    10.442 r  cpu/core/ALU1/result0_carry__2/CO[3]
                         net (fo=1, routed)           0.000    10.442    cpu/core/ALU1/result0_carry__2_n_0
    SLICE_X2Y32          CARRY4 (Prop_carry4_CI_CO[3])
                                                      0.117    10.559 r  cpu/core/ALU1/result0_carry__3/CO[3]
                         net (fo=1, routed)           0.000    10.559    cpu/core/ALU1/result0_carry__3_n_0
    SLICE_X2Y33          CARRY4 (Prop_carry4_CI_CO[3])
                                                      0.117    10.676 r  cpu/core/ALU1/result0_carry__4/CO[3]
                         net (fo=1, routed)           0.000    10.676    cpu/core/ALU1/result0_carry__4_n_0
    SLICE_X2Y34          CARRY4 (Prop_carry4_CI_CO[3])
                                                      0.117    10.793 r  cpu/core/ALU1/result0_carry__5/CO[3]
                         net (fo=1, routed)           0.000    10.793    cpu/core/ALU1/result0_carry__5_n_0
    SLICE_X2Y35          CARRY4 (Prop_carry4_CI_O[1])
                                                      0.337    11.130 r  cpu/core/ALU1/result0_carry__6/O[1]
                         net (fo=2, routed)           0.485    11.615    cpu/core/registers/D[29]
    SLICE_X4Y35          FDRE                                         r  cpu/core/registers/registers_reg[3][29]/D
  -------------------------------------------------------------------    -------------------

                         (clock sys_clk_pin rise edge)
                                                     10.000    10.000 r  
    W5                                                0.000    10.000 r  clk (IN)
                         net (fo=0)                   0.000    10.000    clk
    W5                   IBUF (Prop_ibuf_I_O)         1.388    11.388 r  clk_IBUF_inst/O
                         net (fo=1, routed)           1.862    13.250    clk_IBUF
    BUFGCTRL_X0Y0        BUFG (Prop_bufg_I_O)         0.091    13.341 r  clk_IBUF_BUFG_inst/O
                         net (fo=94, routed)          1.512    14.853    cpu/core/registers/CLK
    SLICE_X4Y35          FDRE                                         r  cpu/core/registers/registers_reg[3][29]/C
                         clock pessimism              0.260    15.113    
                         clock uncertainty           -0.035    15.078    
    SLICE_X4Y35          FDRE (Setup_fdre_C_D)       -0.263    14.815    cpu/core/registers/registers_reg[3][29]
  -------------------------------------------------------------------
                         required time                         14.815    
                         arrival time                         -11.615    
  -------------------------------------------------------------------
                         slack                                  3.200    

Slack (MET) :             3.231ns  (required time - arrival time)
  Source:                 cpu/counter/pc_reg[8]/C
                            (rising edge-triggered cell FDRE clocked by sys_clk_pin  {rise@0.000ns fall@5.000ns period=10.000ns})
  Destination:            cpu/core/registers/registers_reg[3][31]/D
                            (rising edge-triggered cell FDRE clocked by sys_clk_pin  {rise@0.000ns fall@5.000ns period=10.000ns})
  Path Group:             sys_clk_pin
  Path Type:              Setup (Max at Slow Process Corner)
  Requirement:            10.000ns  (sys_clk_pin rise@10.000ns - sys_clk_pin rise@0.000ns)
  Data Path Delay:        6.455ns  (logic 2.494ns (38.634%)  route 3.961ns (61.366%))
  Logic Levels:           10  (CARRY4=7 LUT4=1 LUT5=1 LUT6=1)
  Clock Path Skew:        -0.037ns (DCD - SCD + CPR)
    Destination Clock Delay (DCD):    4.853ns = ( 14.853 - 10.000 ) 
    Source Clock Delay      (SCD):    5.150ns
    Clock Pessimism Removal (CPR):    0.260ns
  Clock Uncertainty:      0.035ns  ((TSJ^2 + TIJ^2)^1/2 + DJ) / 2 + PE
    Total System Jitter     (TSJ):    0.071ns
    Total Input Jitter      (TIJ):    0.000ns
    Discrete Jitter          (DJ):    0.000ns
    Phase Error              (PE):    0.000ns

    Location             Delay type                Incr(ns)  Path(ns)    Netlist Resource(s)
  -------------------------------------------------------------------    -------------------
                         (clock sys_clk_pin rise edge)
                                                      0.000     0.000 r  
    W5                                                0.000     0.000 r  clk (IN)
                         net (fo=0)                   0.000     0.000    clk
    W5                   IBUF (Prop_ibuf_I_O)         1.458     1.458 r  clk_IBUF_inst/O
                         net (fo=1, routed)           1.967     3.425    clk_IBUF
    BUFGCTRL_X0Y0        BUFG (Prop_bufg_I_O)         0.096     3.521 r  clk_IBUF_BUFG_inst/O
                         net (fo=94, routed)          1.629     5.150    cpu/counter/CLK
    SLICE_X3Y32          FDRE                                         r  cpu/counter/pc_reg[8]/C
  -------------------------------------------------------------------    -------------------
    SLICE_X3Y32          FDRE (Prop_fdre_C_Q)         0.456     5.606 f  cpu/counter/pc_reg[8]/Q
                         net (fo=2, routed)           0.821     6.427    cpu/counter/pc_reg[8]
    SLICE_X1Y33          LUT4 (Prop_lut4_I0_O)        0.124     6.551 f  cpu/counter/registers[3][31]_i_7/O
                         net (fo=2, routed)           0.982     7.532    cpu/counter/registers[3][31]_i_7_n_0
    SLICE_X2Y36          LUT5 (Prop_lut5_I4_O)        0.150     7.682 f  cpu/counter/registers[3][31]_i_3/O
                         net (fo=46, routed)          1.066     8.748    cpu/counter/registers[3][31]_i_3_n_0
    SLICE_X3Y29          LUT6 (Prop_lut6_I4_O)        0.328     9.076 r  cpu/counter/result0_carry__0_i_3/O
                         net (fo=1, routed)           0.612     9.688    cpu/core/ALU1/rs1_data[5]
    SLICE_X2Y29          CARRY4 (Prop_carry4_DI[1]_CO[3])
                                                      0.520    10.208 r  cpu/core/ALU1/result0_carry__0/CO[3]
                         net (fo=1, routed)           0.000    10.208    cpu/core/ALU1/result0_carry__0_n_0
    SLICE_X2Y30          CARRY4 (Prop_carry4_CI_CO[3])
                                                      0.117    10.325 r  cpu/core/ALU1/result0_carry__1/CO[3]
                         net (fo=1, routed)           0.000    10.325    cpu/core/ALU1/result0_carry__1_n_0
    SLICE_X2Y31          CARRY4 (Prop_carry4_CI_CO[3])
                                                      0.117    10.442 r  cpu/core/ALU1/result0_carry__2/CO[3]
                         net (fo=1, routed)           0.000    10.442    cpu/core/ALU1/result0_carry__2_n_0
    SLICE_X2Y32          CARRY4 (Prop_carry4_CI_CO[3])
                                                      0.117    10.559 r  cpu/core/ALU1/result0_carry__3/CO[3]
                         net (fo=1, routed)           0.000    10.559    cpu/core/ALU1/result0_carry__3_n_0
    SLICE_X2Y33          CARRY4 (Prop_carry4_CI_CO[3])
                                                      0.117    10.676 r  cpu/core/ALU1/result0_carry__4/CO[3]
                         net (fo=1, routed)           0.000    10.676    cpu/core/ALU1/result0_carry__4_n_0
    SLICE_X2Y34          CARRY4 (Prop_carry4_CI_CO[3])
                                                      0.117    10.793 r  cpu/core/ALU1/result0_carry__5/CO[3]
                         net (fo=1, routed)           0.000    10.793    cpu/core/ALU1/result0_carry__5_n_0
    SLICE_X2Y35          CARRY4 (Prop_carry4_CI_O[3])
                                                      0.331    11.124 r  cpu/core/ALU1/result0_carry__6/O[3]
                         net (fo=2, routed)           0.481    11.606    cpu/core/registers/D[31]
    SLICE_X4Y35          FDRE                                         r  cpu/core/registers/registers_reg[3][31]/D
  -------------------------------------------------------------------    -------------------

                         (clock sys_clk_pin rise edge)
                                                     10.000    10.000 r  
    W5                                                0.000    10.000 r  clk (IN)
                         net (fo=0)                   0.000    10.000    clk
    W5                   IBUF (Prop_ibuf_I_O)         1.388    11.388 r  clk_IBUF_inst/O
                         net (fo=1, routed)           1.862    13.250    clk_IBUF
    BUFGCTRL_X0Y0        BUFG (Prop_bufg_I_O)         0.091    13.341 r  clk_IBUF_BUFG_inst/O
                         net (fo=94, routed)          1.512    14.853    cpu/core/registers/CLK
    SLICE_X4Y35          FDRE                                         r  cpu/core/registers/registers_reg[3][31]/C
                         clock pessimism              0.260    15.113    
                         clock uncertainty           -0.035    15.078    
    SLICE_X4Y35          FDRE (Setup_fdre_C_D)       -0.241    14.837    cpu/core/registers/registers_reg[3][31]
  -------------------------------------------------------------------
                         required time                         14.837    
                         arrival time                         -11.606    
  -------------------------------------------------------------------
                         slack                                  3.231    

Slack (MET) :             3.236ns  (required time - arrival time)
  Source:                 cpu/counter/pc_reg[9]/C
                            (rising edge-triggered cell FDRE clocked by sys_clk_pin  {rise@0.000ns fall@5.000ns period=10.000ns})
  Destination:            cpu/counter/pc_reg[30]/D
                            (rising edge-triggered cell FDRE clocked by sys_clk_pin  {rise@0.000ns fall@5.000ns period=10.000ns})
  Path Group:             sys_clk_pin
  Path Type:              Setup (Max at Slow Process Corner)
  Requirement:            10.000ns  (sys_clk_pin rise@10.000ns - sys_clk_pin rise@0.000ns)
  Data Path Delay:        6.771ns  (logic 3.454ns (51.009%)  route 3.317ns (48.991%))
  Logic Levels:           15  (CARRY4=11 LUT4=1 LUT5=1 LUT6=2)
  Clock Path Skew:        -0.019ns (DCD - SCD + CPR)
    Destination Clock Delay (DCD):    4.857ns = ( 14.857 - 10.000 ) 
    Source Clock Delay      (SCD):    5.150ns
    Clock Pessimism Removal (CPR):    0.274ns
  Clock Uncertainty:      0.035ns  ((TSJ^2 + TIJ^2)^1/2 + DJ) / 2 + PE
    Total System Jitter     (TSJ):    0.071ns
    Total Input Jitter      (TIJ):    0.000ns
    Discrete Jitter          (DJ):    0.000ns
    Phase Error              (PE):    0.000ns

    Location             Delay type                Incr(ns)  Path(ns)    Netlist Resource(s)
  -------------------------------------------------------------------    -------------------
                         (clock sys_clk_pin rise edge)
                                                      0.000     0.000 r  
    W5                                                0.000     0.000 r  clk (IN)
                         net (fo=0)                   0.000     0.000    clk
    W5                   IBUF (Prop_ibuf_I_O)         1.458     1.458 r  clk_IBUF_inst/O
                         net (fo=1, routed)           1.967     3.425    clk_IBUF
    BUFGCTRL_X0Y0        BUFG (Prop_bufg_I_O)         0.096     3.521 r  clk_IBUF_BUFG_inst/O
                         net (fo=94, routed)          1.629     5.150    cpu/counter/CLK
    SLICE_X3Y32          FDRE                                         r  cpu/counter/pc_reg[9]/C
  -------------------------------------------------------------------    -------------------
    SLICE_X3Y32          FDRE (Prop_fdre_C_Q)         0.456     5.606 r  cpu/counter/pc_reg[9]/Q
                         net (fo=2, routed)           0.955     6.562    cpu/counter/pc_reg[9]
    SLICE_X2Y36          LUT4 (Prop_lut4_I0_O)        0.124     6.686 r  cpu/counter/registers[3][31]_i_8/O
                         net (fo=2, routed)           0.546     7.231    cpu/counter/registers[3][31]_i_8_n_0
    SLICE_X1Y35          LUT5 (Prop_lut5_I4_O)        0.124     7.355 r  cpu/counter/registers[3][31]_i_4/O
                         net (fo=46, routed)          1.389     8.744    cpu/counter/registers[3][31]_i_4_n_0
    SLICE_X4Y30          LUT6 (Prop_lut6_I2_O)        0.124     8.868 r  cpu/counter/branch_taken0_carry_i_4/O
                         net (fo=1, routed)           0.000     8.868    cpu/core/branch/S[0]
    SLICE_X4Y30          CARRY4 (Prop_carry4_S[0]_CO[3])
                                                      0.532     9.400 r  cpu/core/branch/branch_taken0_carry/CO[3]
                         net (fo=1, routed)           0.000     9.400    cpu/core/branch/branch_taken0_carry_n_0
    SLICE_X4Y31          CARRY4 (Prop_carry4_CI_CO[3])
                                                      0.114     9.514 r  cpu/core/branch/branch_taken0_carry__0/CO[3]
                         net (fo=1, routed)           0.000     9.514    cpu/core/branch/branch_taken0_carry__0_n_0
    SLICE_X4Y32          CARRY4 (Prop_carry4_CI_CO[2])
                                                      0.228     9.742 r  cpu/core/branch/branch_taken0_carry__1/CO[2]
                         net (fo=1, routed)           0.428    10.170    cpu/counter/CO[0]
    SLICE_X3Y31          LUT6 (Prop_lut6_I0_O)        0.313    10.483 r  cpu/counter/pc[2]_i_2/O
                         net (fo=1, routed)           0.000    10.483    cpu/counter/pc[2]_i_2_n_0
    SLICE_X3Y31          CARRY4 (Prop_carry4_S[0]_CO[3])
                                                      0.532    11.015 r  cpu/counter/pc_reg[2]_i_1/CO[3]
                         net (fo=1, routed)           0.000    11.015    cpu/counter/pc_reg[2]_i_1_n_0
    SLICE_X3Y32          CARRY4 (Prop_carry4_CI_CO[3])
                                                      0.114    11.129 r  cpu/counter/pc_reg[6]_i_1/CO[3]
                         net (fo=1, routed)           0.000    11.129    cpu/counter/pc_reg[6]_i_1_n_0
    SLICE_X3Y33          CARRY4 (Prop_carry4_CI_CO[3])
                                                      0.114    11.243 r  cpu/counter/pc_reg[10]_i_1/CO[3]
                         net (fo=1, routed)           0.000    11.243    cpu/counter/pc_reg[10]_i_1_n_0
    SLICE_X3Y34          CARRY4 (Prop_carry4_CI_CO[3])
                                                      0.114    11.357 r  cpu/counter/pc_reg[14]_i_1/CO[3]
                         net (fo=1, routed)           0.000    11.357    cpu/counter/pc_reg[14]_i_1_n_0
    SLICE_X3Y35          CARRY4 (Prop_carry4_CI_CO[3])
                                                      0.114    11.471 r  cpu/counter/pc_reg[18]_i_1/CO[3]
                         net (fo=1, routed)           0.000    11.471    cpu/counter/pc_reg[18]_i_1_n_0
    SLICE_X3Y36          CARRY4 (Prop_carry4_CI_CO[3])
                                                      0.114    11.585 r  cpu/counter/pc_reg[22]_i_1/CO[3]
                         net (fo=1, routed)           0.000    11.585    cpu/counter/pc_reg[22]_i_1_n_0
    SLICE_X3Y37          CARRY4 (Prop_carry4_CI_CO[3])
                                                      0.114    11.699 r  cpu/counter/pc_reg[26]_i_1/CO[3]
                         net (fo=1, routed)           0.000    11.699    cpu/counter/pc_reg[26]_i_1_n_0
    SLICE_X3Y38          CARRY4 (Prop_carry4_CI_O[0])
                                                      0.223    11.922 r  cpu/counter/pc_reg[30]_i_1/O[0]
                         net (fo=1, routed)           0.000    11.922    cpu/counter/pc_reg[30]_i_1_n_7
    SLICE_X3Y38          FDRE                                         r  cpu/counter/pc_reg[30]/D
  -------------------------------------------------------------------    -------------------

                         (clock sys_clk_pin rise edge)
                                                     10.000    10.000 r  
    W5                                                0.000    10.000 r  clk (IN)
                         net (fo=0)                   0.000    10.000    clk
    W5                   IBUF (Prop_ibuf_I_O)         1.388    11.388 r  clk_IBUF_inst/O
                         net (fo=1, routed)           1.862    13.250    clk_IBUF
    BUFGCTRL_X0Y0        BUFG (Prop_bufg_I_O)         0.091    13.341 r  clk_IBUF_BUFG_inst/O
                         net (fo=94, routed)          1.516    14.857    cpu/counter/CLK
    SLICE_X3Y38          FDRE                                         r  cpu/counter/pc_reg[30]/C
                         clock pessimism              0.274    15.131    
                         clock uncertainty           -0.035    15.096    
    SLICE_X3Y38          FDRE (Setup_fdre_C_D)        0.062    15.158    cpu/counter/pc_reg[30]
  -------------------------------------------------------------------
                         required time                         15.158    
                         arrival time                         -11.922    
  -------------------------------------------------------------------
                         slack                                  3.236    

Slack (MET) :             3.238ns  (required time - arrival time)
  Source:                 cpu/counter/pc_reg[9]/C
                            (rising edge-triggered cell FDRE clocked by sys_clk_pin  {rise@0.000ns fall@5.000ns period=10.000ns})
  Destination:            cpu/counter/pc_reg[27]/D
                            (rising edge-triggered cell FDRE clocked by sys_clk_pin  {rise@0.000ns fall@5.000ns period=10.000ns})
  Path Group:             sys_clk_pin
  Path Type:              Setup (Max at Slow Process Corner)
  Requirement:            10.000ns  (sys_clk_pin rise@10.000ns - sys_clk_pin rise@0.000ns)
  Data Path Delay:        6.768ns  (logic 3.451ns (50.987%)  route 3.317ns (49.013%))
  Logic Levels:           14  (CARRY4=10 LUT4=1 LUT5=1 LUT6=2)
  Clock Path Skew:        -0.020ns (DCD - SCD + CPR)
    Destination Clock Delay (DCD):    4.856ns = ( 14.856 - 10.000 ) 
    Source Clock Delay      (SCD):    5.150ns
    Clock Pessimism Removal (CPR):    0.274ns
  Clock Uncertainty:      0.035ns  ((TSJ^2 + TIJ^2)^1/2 + DJ) / 2 + PE
    Total System Jitter     (TSJ):    0.071ns
    Total Input Jitter      (TIJ):    0.000ns
    Discrete Jitter          (DJ):    0.000ns
    Phase Error              (PE):    0.000ns

    Location             Delay type                Incr(ns)  Path(ns)    Netlist Resource(s)
  -------------------------------------------------------------------    -------------------
                         (clock sys_clk_pin rise edge)
                                                      0.000     0.000 r  
    W5                                                0.000     0.000 r  clk (IN)
                         net (fo=0)                   0.000     0.000    clk
    W5                   IBUF (Prop_ibuf_I_O)         1.458     1.458 r  clk_IBUF_inst/O
                         net (fo=1, routed)           1.967     3.425    clk_IBUF
    BUFGCTRL_X0Y0        BUFG (Prop_bufg_I_O)         0.096     3.521 r  clk_IBUF_BUFG_inst/O
                         net (fo=94, routed)          1.629     5.150    cpu/counter/CLK
    SLICE_X3Y32          FDRE                                         r  cpu/counter/pc_reg[9]/C
  -------------------------------------------------------------------    -------------------
    SLICE_X3Y32          FDRE (Prop_fdre_C_Q)         0.456     5.606 r  cpu/counter/pc_reg[9]/Q
                         net (fo=2, routed)           0.955     6.562    cpu/counter/pc_reg[9]
    SLICE_X2Y36          LUT4 (Prop_lut4_I0_O)        0.124     6.686 r  cpu/counter/registers[3][31]_i_8/O
                         net (fo=2, routed)           0.546     7.231    cpu/counter/registers[3][31]_i_8_n_0
    SLICE_X1Y35          LUT5 (Prop_lut5_I4_O)        0.124     7.355 r  cpu/counter/registers[3][31]_i_4/O
                         net (fo=46, routed)          1.389     8.744    cpu/counter/registers[3][31]_i_4_n_0
    SLICE_X4Y30          LUT6 (Prop_lut6_I2_O)        0.124     8.868 r  cpu/counter/branch_taken0_carry_i_4/O
                         net (fo=1, routed)           0.000     8.868    cpu/core/branch/S[0]
    SLICE_X4Y30          CARRY4 (Prop_carry4_S[0]_CO[3])
                                                      0.532     9.400 r  cpu/core/branch/branch_taken0_carry/CO[3]
                         net (fo=1, routed)           0.000     9.400    cpu/core/branch/branch_taken0_carry_n_0
    SLICE_X4Y31          CARRY4 (Prop_carry4_CI_CO[3])
                                                      0.114     9.514 r  cpu/core/branch/branch_taken0_carry__0/CO[3]
                         net (fo=1, routed)           0.000     9.514    cpu/core/branch/branch_taken0_carry__0_n_0
    SLICE_X4Y32          CARRY4 (Prop_carry4_CI_CO[2])
                                                      0.228     9.742 r  cpu/core/branch/branch_taken0_carry__1/CO[2]
                         net (fo=1, routed)           0.428    10.170    cpu/counter/CO[0]
    SLICE_X3Y31          LUT6 (Prop_lut6_I0_O)        0.313    10.483 r  cpu/counter/pc[2]_i_2/O
                         net (fo=1, routed)           0.000    10.483    cpu/counter/pc[2]_i_2_n_0
    SLICE_X3Y31          CARRY4 (Prop_carry4_S[0]_CO[3])
                                                      0.532    11.015 r  cpu/counter/pc_reg[2]_i_1/CO[3]
                         net (fo=1, routed)           0.000    11.015    cpu/counter/pc_reg[2]_i_1_n_0
    SLICE_X3Y32          CARRY4 (Prop_carry4_CI_CO[3])
                                                      0.114    11.129 r  cpu/counter/pc_reg[6]_i_1/CO[3]
                         net (fo=1, routed)           0.000    11.129    cpu/counter/pc_reg[6]_i_1_n_0
    SLICE_X3Y33          CARRY4 (Prop_carry4_CI_CO[3])
                                                      0.114    11.243 r  cpu/counter/pc_reg[10]_i_1/CO[3]
                         net (fo=1, routed)           0.000    11.243    cpu/counter/pc_reg[10]_i_1_n_0
    SLICE_X3Y34          CARRY4 (Prop_carry4_CI_CO[3])
                                                      0.114    11.357 r  cpu/counter/pc_reg[14]_i_1/CO[3]
                         net (fo=1, routed)           0.000    11.357    cpu/counter/pc_reg[14]_i_1_n_0
    SLICE_X3Y35          CARRY4 (Prop_carry4_CI_CO[3])
                                                      0.114    11.471 r  cpu/counter/pc_reg[18]_i_1/CO[3]
                         net (fo=1, routed)           0.000    11.471    cpu/counter/pc_reg[18]_i_1_n_0
    SLICE_X3Y36          CARRY4 (Prop_carry4_CI_CO[3])
                                                      0.114    11.585 r  cpu/counter/pc_reg[22]_i_1/CO[3]
                         net (fo=1, routed)           0.000    11.585    cpu/counter/pc_reg[22]_i_1_n_0
    SLICE_X3Y37          CARRY4 (Prop_carry4_CI_O[1])
                                                      0.334    11.919 r  cpu/counter/pc_reg[26]_i_1/O[1]
                         net (fo=1, routed)           0.000    11.919    cpu/counter/pc_reg[26]_i_1_n_6
    SLICE_X3Y37          FDRE                                         r  cpu/counter/pc_reg[27]/D
  -------------------------------------------------------------------    -------------------

                         (clock sys_clk_pin rise edge)
                                                     10.000    10.000 r  
    W5                                                0.000    10.000 r  clk (IN)
                         net (fo=0)                   0.000    10.000    clk
    W5                   IBUF (Prop_ibuf_I_O)         1.388    11.388 r  clk_IBUF_inst/O
                         net (fo=1, routed)           1.862    13.250    clk_IBUF
    BUFGCTRL_X0Y0        BUFG (Prop_bufg_I_O)         0.091    13.341 r  clk_IBUF_BUFG_inst/O
                         net (fo=94, routed)          1.515    14.856    cpu/counter/CLK
    SLICE_X3Y37          FDRE                                         r  cpu/counter/pc_reg[27]/C
                         clock pessimism              0.274    15.130    
                         clock uncertainty           -0.035    15.095    
    SLICE_X3Y37          FDRE (Setup_fdre_C_D)        0.062    15.157    cpu/counter/pc_reg[27]
  -------------------------------------------------------------------
                         required time                         15.157    
                         arrival time                         -11.919    
  -------------------------------------------------------------------
                         slack                                  3.238    

Slack (MET) :             3.249ns  (required time - arrival time)
  Source:                 cpu/counter/pc_reg[8]/C
                            (rising edge-triggered cell FDRE clocked by sys_clk_pin  {rise@0.000ns fall@5.000ns period=10.000ns})
  Destination:            cpu/core/registers/registers_reg[3][30]/D
                            (rising edge-triggered cell FDRE clocked by sys_clk_pin  {rise@0.000ns fall@5.000ns period=10.000ns})
  Path Group:             sys_clk_pin
  Path Type:              Setup (Max at Slow Process Corner)
  Requirement:            10.000ns  (sys_clk_pin rise@10.000ns - sys_clk_pin rise@0.000ns)
  Data Path Delay:        6.441ns  (logic 2.419ns (37.557%)  route 4.022ns (62.443%))
  Logic Levels:           10  (CARRY4=7 LUT4=1 LUT5=1 LUT6=1)
  Clock Path Skew:        -0.037ns (DCD - SCD + CPR)
    Destination Clock Delay (DCD):    4.853ns = ( 14.853 - 10.000 ) 
    Source Clock Delay      (SCD):    5.150ns
    Clock Pessimism Removal (CPR):    0.260ns
  Clock Uncertainty:      0.035ns  ((TSJ^2 + TIJ^2)^1/2 + DJ) / 2 + PE
    Total System Jitter     (TSJ):    0.071ns
    Total Input Jitter      (TIJ):    0.000ns
    Discrete Jitter          (DJ):    0.000ns
    Phase Error              (PE):    0.000ns

    Location             Delay type                Incr(ns)  Path(ns)    Netlist Resource(s)
  -------------------------------------------------------------------    -------------------
                         (clock sys_clk_pin rise edge)
                                                      0.000     0.000 r  
    W5                                                0.000     0.000 r  clk (IN)
                         net (fo=0)                   0.000     0.000    clk
    W5                   IBUF (Prop_ibuf_I_O)         1.458     1.458 r  clk_IBUF_inst/O
                         net (fo=1, routed)           1.967     3.425    clk_IBUF
    BUFGCTRL_X0Y0        BUFG (Prop_bufg_I_O)         0.096     3.521 r  clk_IBUF_BUFG_inst/O
                         net (fo=94, routed)          1.629     5.150    cpu/counter/CLK
    SLICE_X3Y32          FDRE                                         r  cpu/counter/pc_reg[8]/C
  -------------------------------------------------------------------    -------------------
    SLICE_X3Y32          FDRE (Prop_fdre_C_Q)         0.456     5.606 f  cpu/counter/pc_reg[8]/Q
                         net (fo=2, routed)           0.821     6.427    cpu/counter/pc_reg[8]
    SLICE_X1Y33          LUT4 (Prop_lut4_I0_O)        0.124     6.551 f  cpu/counter/registers[3][31]_i_7/O
                         net (fo=2, routed)           0.982     7.532    cpu/counter/registers[3][31]_i_7_n_0
    SLICE_X2Y36          LUT5 (Prop_lut5_I4_O)        0.150     7.682 f  cpu/counter/registers[3][31]_i_3/O
                         net (fo=46, routed)          1.066     8.748    cpu/counter/registers[3][31]_i_3_n_0
    SLICE_X3Y29          LUT6 (Prop_lut6_I4_O)        0.328     9.076 r  cpu/counter/result0_carry__0_i_3/O
                         net (fo=1, routed)           0.612     9.688    cpu/core/ALU1/rs1_data[5]
    SLICE_X2Y29          CARRY4 (Prop_carry4_DI[1]_CO[3])
                                                      0.520    10.208 r  cpu/core/ALU1/result0_carry__0/CO[3]
                         net (fo=1, routed)           0.000    10.208    cpu/core/ALU1/result0_carry__0_n_0
    SLICE_X2Y30          CARRY4 (Prop_carry4_CI_CO[3])
                                                      0.117    10.325 r  cpu/core/ALU1/result0_carry__1/CO[3]
                         net (fo=1, routed)           0.000    10.325    cpu/core/ALU1/result0_carry__1_n_0
    SLICE_X2Y31          CARRY4 (Prop_carry4_CI_CO[3])
                                                      0.117    10.442 r  cpu/core/ALU1/result0_carry__2/CO[3]
                         net (fo=1, routed)           0.000    10.442    cpu/core/ALU1/result0_carry__2_n_0
    SLICE_X2Y32          CARRY4 (Prop_carry4_CI_CO[3])
                                                      0.117    10.559 r  cpu/core/ALU1/result0_carry__3/CO[3]
                         net (fo=1, routed)           0.000    10.559    cpu/core/ALU1/result0_carry__3_n_0
    SLICE_X2Y33          CARRY4 (Prop_carry4_CI_CO[3])
                                                      0.117    10.676 r  cpu/core/ALU1/result0_carry__4/CO[3]
                         net (fo=1, routed)           0.000    10.676    cpu/core/ALU1/result0_carry__4_n_0
    SLICE_X2Y34          CARRY4 (Prop_carry4_CI_CO[3])
                                                      0.117    10.793 r  cpu/core/ALU1/result0_carry__5/CO[3]
                         net (fo=1, routed)           0.000    10.793    cpu/core/ALU1/result0_carry__5_n_0
    SLICE_X2Y35          CARRY4 (Prop_carry4_CI_O[2])
                                                      0.256    11.049 r  cpu/core/ALU1/result0_carry__6/O[2]
                         net (fo=2, routed)           0.542    11.591    cpu/core/registers/D[30]
    SLICE_X4Y35          FDRE                                         r  cpu/core/registers/registers_reg[3][30]/D
  -------------------------------------------------------------------    -------------------

                         (clock sys_clk_pin rise edge)
                                                     10.000    10.000 r  
    W5                                                0.000    10.000 r  clk (IN)
                         net (fo=0)                   0.000    10.000    clk
    W5                   IBUF (Prop_ibuf_I_O)         1.388    11.388 r  clk_IBUF_inst/O
                         net (fo=1, routed)           1.862    13.250    clk_IBUF
    BUFGCTRL_X0Y0        BUFG (Prop_bufg_I_O)         0.091    13.341 r  clk_IBUF_BUFG_inst/O
                         net (fo=94, routed)          1.512    14.853    cpu/core/registers/CLK
    SLICE_X4Y35          FDRE                                         r  cpu/core/registers/registers_reg[3][30]/C
                         clock pessimism              0.260    15.113    
                         clock uncertainty           -0.035    15.078    
    SLICE_X4Y35          FDRE (Setup_fdre_C_D)       -0.238    14.840    cpu/core/registers/registers_reg[3][30]
  -------------------------------------------------------------------
                         required time                         14.840    
                         arrival time                         -11.591    
  -------------------------------------------------------------------
                         slack                                  3.249    

Slack (MET) :             3.259ns  (required time - arrival time)
  Source:                 cpu/counter/pc_reg[9]/C
                            (rising edge-triggered cell FDRE clocked by sys_clk_pin  {rise@0.000ns fall@5.000ns period=10.000ns})
  Destination:            cpu/counter/pc_reg[29]/D
                            (rising edge-triggered cell FDRE clocked by sys_clk_pin  {rise@0.000ns fall@5.000ns period=10.000ns})
  Path Group:             sys_clk_pin
  Path Type:              Setup (Max at Slow Process Corner)
  Requirement:            10.000ns  (sys_clk_pin rise@10.000ns - sys_clk_pin rise@0.000ns)
  Data Path Delay:        6.747ns  (logic 3.430ns (50.835%)  route 3.317ns (49.165%))
  Logic Levels:           14  (CARRY4=10 LUT4=1 LUT5=1 LUT6=2)
  Clock Path Skew:        -0.020ns (DCD - SCD + CPR)
    Destination Clock Delay (DCD):    4.856ns = ( 14.856 - 10.000 ) 
    Source Clock Delay      (SCD):    5.150ns
    Clock Pessimism Removal (CPR):    0.274ns
  Clock Uncertainty:      0.035ns  ((TSJ^2 + TIJ^2)^1/2 + DJ) / 2 + PE
    Total System Jitter     (TSJ):    0.071ns
    Total Input Jitter      (TIJ):    0.000ns
    Discrete Jitter          (DJ):    0.000ns
    Phase Error              (PE):    0.000ns

    Location             Delay type                Incr(ns)  Path(ns)    Netlist Resource(s)
  -------------------------------------------------------------------    -------------------
                         (clock sys_clk_pin rise edge)
                                                      0.000     0.000 r  
    W5                                                0.000     0.000 r  clk (IN)
                         net (fo=0)                   0.000     0.000    clk
    W5                   IBUF (Prop_ibuf_I_O)         1.458     1.458 r  clk_IBUF_inst/O
                         net (fo=1, routed)           1.967     3.425    clk_IBUF
    BUFGCTRL_X0Y0        BUFG (Prop_bufg_I_O)         0.096     3.521 r  clk_IBUF_BUFG_inst/O
                         net (fo=94, routed)          1.629     5.150    cpu/counter/CLK
    SLICE_X3Y32          FDRE                                         r  cpu/counter/pc_reg[9]/C
  -------------------------------------------------------------------    -------------------
    SLICE_X3Y32          FDRE (Prop_fdre_C_Q)         0.456     5.606 r  cpu/counter/pc_reg[9]/Q
                         net (fo=2, routed)           0.955     6.562    cpu/counter/pc_reg[9]
    SLICE_X2Y36          LUT4 (Prop_lut4_I0_O)        0.124     6.686 r  cpu/counter/registers[3][31]_i_8/O
                         net (fo=2, routed)           0.546     7.231    cpu/counter/registers[3][31]_i_8_n_0
    SLICE_X1Y35          LUT5 (Prop_lut5_I4_O)        0.124     7.355 r  cpu/counter/registers[3][31]_i_4/O
                         net (fo=46, routed)          1.389     8.744    cpu/counter/registers[3][31]_i_4_n_0
    SLICE_X4Y30          LUT6 (Prop_lut6_I2_O)        0.124     8.868 r  cpu/counter/branch_taken0_carry_i_4/O
                         net (fo=1, routed)           0.000     8.868    cpu/core/branch/S[0]
    SLICE_X4Y30          CARRY4 (Prop_carry4_S[0]_CO[3])
                                                      0.532     9.400 r  cpu/core/branch/branch_taken0_carry/CO[3]
                         net (fo=1, routed)           0.000     9.400    cpu/core/branch/branch_taken0_carry_n_0
    SLICE_X4Y31          CARRY4 (Prop_carry4_CI_CO[3])
                                                      0.114     9.514 r  cpu/core/branch/branch_taken0_carry__0/CO[3]
                         net (fo=1, routed)           0.000     9.514    cpu/core/branch/branch_taken0_carry__0_n_0
    SLICE_X4Y32          CARRY4 (Prop_carry4_CI_CO[2])
                                                      0.228     9.742 r  cpu/core/branch/branch_taken0_carry__1/CO[2]
                         net (fo=1, routed)           0.428    10.170    cpu/counter/CO[0]
    SLICE_X3Y31          LUT6 (Prop_lut6_I0_O)        0.313    10.483 r  cpu/counter/pc[2]_i_2/O
                         net (fo=1, routed)           0.000    10.483    cpu/counter/pc[2]_i_2_n_0
    SLICE_X3Y31          CARRY4 (Prop_carry4_S[0]_CO[3])
                                                      0.532    11.015 r  cpu/counter/pc_reg[2]_i_1/CO[3]
                         net (fo=1, routed)           0.000    11.015    cpu/counter/pc_reg[2]_i_1_n_0
    SLICE_X3Y32          CARRY4 (Prop_carry4_CI_CO[3])
                                                      0.114    11.129 r  cpu/counter/pc_reg[6]_i_1/CO[3]
                         net (fo=1, routed)           0.000    11.129    cpu/counter/pc_reg[6]_i_1_n_0
    SLICE_X3Y33          CARRY4 (Prop_carry4_CI_CO[3])
                                                      0.114    11.243 r  cpu/counter/pc_reg[10]_i_1/CO[3]
                         net (fo=1, routed)           0.000    11.243    cpu/counter/pc_reg[10]_i_1_n_0
    SLICE_X3Y34          CARRY4 (Prop_carry4_CI_CO[3])
                                                      0.114    11.357 r  cpu/counter/pc_reg[14]_i_1/CO[3]
                         net (fo=1, routed)           0.000    11.357    cpu/counter/pc_reg[14]_i_1_n_0
    SLICE_X3Y35          CARRY4 (Prop_carry4_CI_CO[3])
                                                      0.114    11.471 r  cpu/counter/pc_reg[18]_i_1/CO[3]
                         net (fo=1, routed)           0.000    11.471    cpu/counter/pc_reg[18]_i_1_n_0
    SLICE_X3Y36          CARRY4 (Prop_carry4_CI_CO[3])
                                                      0.114    11.585 r  cpu/counter/pc_reg[22]_i_1/CO[3]
                         net (fo=1, routed)           0.000    11.585    cpu/counter/pc_reg[22]_i_1_n_0
    SLICE_X3Y37          CARRY4 (Prop_carry4_CI_O[3])
                                                      0.313    11.898 r  cpu/counter/pc_reg[26]_i_1/O[3]
                         net (fo=1, routed)           0.000    11.898    cpu/counter/pc_reg[26]_i_1_n_4
    SLICE_X3Y37          FDRE                                         r  cpu/counter/pc_reg[29]/D
  -------------------------------------------------------------------    -------------------

                         (clock sys_clk_pin rise edge)
                                                     10.000    10.000 r  
    W5                                                0.000    10.000 r  clk (IN)
                         net (fo=0)                   0.000    10.000    clk
    W5                   IBUF (Prop_ibuf_I_O)         1.388    11.388 r  clk_IBUF_inst/O
                         net (fo=1, routed)           1.862    13.250    clk_IBUF
    BUFGCTRL_X0Y0        BUFG (Prop_bufg_I_O)         0.091    13.341 r  clk_IBUF_BUFG_inst/O
                         net (fo=94, routed)          1.515    14.856    cpu/counter/CLK
    SLICE_X3Y37          FDRE                                         r  cpu/counter/pc_reg[29]/C
                         clock pessimism              0.274    15.130    
                         clock uncertainty           -0.035    15.095    
    SLICE_X3Y37          FDRE (Setup_fdre_C_D)        0.062    15.157    cpu/counter/pc_reg[29]
  -------------------------------------------------------------------
                         required time                         15.157    
                         arrival time                         -11.898    
  -------------------------------------------------------------------
                         slack                                  3.259    

Slack (MET) :             3.284ns  (required time - arrival time)
  Source:                 cpu/counter/pc_reg[8]/C
                            (rising edge-triggered cell FDRE clocked by sys_clk_pin  {rise@0.000ns fall@5.000ns period=10.000ns})
  Destination:            cpu/core/registers/registers_reg[3][26]/D
                            (rising edge-triggered cell FDRE clocked by sys_clk_pin  {rise@0.000ns fall@5.000ns period=10.000ns})
  Path Group:             sys_clk_pin
  Path Type:              Setup (Max at Slow Process Corner)
  Requirement:            10.000ns  (sys_clk_pin rise@10.000ns - sys_clk_pin rise@0.000ns)
  Data Path Delay:        6.405ns  (logic 2.302ns (35.940%)  route 4.103ns (64.060%))
  Logic Levels:           9  (CARRY4=6 LUT4=1 LUT5=1 LUT6=1)
  Clock Path Skew:        -0.038ns (DCD - SCD + CPR)
    Destination Clock Delay (DCD):    4.852ns = ( 14.852 - 10.000 ) 
    Source Clock Delay      (SCD):    5.150ns
    Clock Pessimism Removal (CPR):    0.260ns
  Clock Uncertainty:      0.035ns  ((TSJ^2 + TIJ^2)^1/2 + DJ) / 2 + PE
    Total System Jitter     (TSJ):    0.071ns
    Total Input Jitter      (TIJ):    0.000ns
    Discrete Jitter          (DJ):    0.000ns
    Phase Error              (PE):    0.000ns

    Location             Delay type                Incr(ns)  Path(ns)    Netlist Resource(s)
  -------------------------------------------------------------------    -------------------
                         (clock sys_clk_pin rise edge)
                                                      0.000     0.000 r  
    W5                                                0.000     0.000 r  clk (IN)
                         net (fo=0)                   0.000     0.000    clk
    W5                   IBUF (Prop_ibuf_I_O)         1.458     1.458 r  clk_IBUF_inst/O
                         net (fo=1, routed)           1.967     3.425    clk_IBUF
    BUFGCTRL_X0Y0        BUFG (Prop_bufg_I_O)         0.096     3.521 r  clk_IBUF_BUFG_inst/O
                         net (fo=94, routed)          1.629     5.150    cpu/counter/CLK
    SLICE_X3Y32          FDRE                                         r  cpu/counter/pc_reg[8]/C
  -------------------------------------------------------------------    -------------------
    SLICE_X3Y32          FDRE (Prop_fdre_C_Q)         0.456     5.606 f  cpu/counter/pc_reg[8]/Q
                         net (fo=2, routed)           0.821     6.427    cpu/counter/pc_reg[8]
    SLICE_X1Y33          LUT4 (Prop_lut4_I0_O)        0.124     6.551 f  cpu/counter/registers[3][31]_i_7/O
                         net (fo=2, routed)           0.982     7.532    cpu/counter/registers[3][31]_i_7_n_0
    SLICE_X2Y36          LUT5 (Prop_lut5_I4_O)        0.150     7.682 f  cpu/counter/registers[3][31]_i_3/O
                         net (fo=46, routed)          1.066     8.748    cpu/counter/registers[3][31]_i_3_n_0
    SLICE_X3Y29          LUT6 (Prop_lut6_I4_O)        0.328     9.076 r  cpu/counter/result0_carry__0_i_3/O
                         net (fo=1, routed)           0.612     9.688    cpu/core/ALU1/rs1_data[5]
    SLICE_X2Y29          CARRY4 (Prop_carry4_DI[1]_CO[3])
                                                      0.520    10.208 r  cpu/core/ALU1/result0_carry__0/CO[3]
                         net (fo=1, routed)           0.000    10.208    cpu/core/ALU1/result0_carry__0_n_0
    SLICE_X2Y30          CARRY4 (Prop_carry4_CI_CO[3])
                                                      0.117    10.325 r  cpu/core/ALU1/result0_carry__1/CO[3]
                         net (fo=1, routed)           0.000    10.325    cpu/core/ALU1/result0_carry__1_n_0
    SLICE_X2Y31          CARRY4 (Prop_carry4_CI_CO[3])
                                                      0.117    10.442 r  cpu/core/ALU1/result0_carry__2/CO[3]
                         net (fo=1, routed)           0.000    10.442    cpu/core/ALU1/result0_carry__2_n_0
    SLICE_X2Y32          CARRY4 (Prop_carry4_CI_CO[3])
                                                      0.117    10.559 r  cpu/core/ALU1/result0_carry__3/CO[3]
                         net (fo=1, routed)           0.000    10.559    cpu/core/ALU1/result0_carry__3_n_0
    SLICE_X2Y33          CARRY4 (Prop_carry4_CI_CO[3])
                                                      0.117    10.676 r  cpu/core/ALU1/result0_carry__4/CO[3]
                         net (fo=1, routed)           0.000    10.676    cpu/core/ALU1/result0_carry__4_n_0
    SLICE_X2Y34          CARRY4 (Prop_carry4_CI_O[2])
                                                      0.256    10.932 r  cpu/core/ALU1/result0_carry__5/O[2]
                         net (fo=2, routed)           0.623    11.555    cpu/core/registers/D[26]
    SLICE_X4Y34          FDRE                                         r  cpu/core/registers/registers_reg[3][26]/D
  -------------------------------------------------------------------    -------------------

                         (clock sys_clk_pin rise edge)
                                                     10.000    10.000 r  
    W5                                                0.000    10.000 r  clk (IN)
                         net (fo=0)                   0.000    10.000    clk
    W5                   IBUF (Prop_ibuf_I_O)         1.388    11.388 r  clk_IBUF_inst/O
                         net (fo=1, routed)           1.862    13.250    clk_IBUF
    BUFGCTRL_X0Y0        BUFG (Prop_bufg_I_O)         0.091    13.341 r  clk_IBUF_BUFG_inst/O
                         net (fo=94, routed)          1.511    14.852    cpu/core/registers/CLK
    SLICE_X4Y34          FDRE                                         r  cpu/core/registers/registers_reg[3][26]/C
                         clock pessimism              0.260    15.112    
                         clock uncertainty           -0.035    15.077    
    SLICE_X4Y34          FDRE (Setup_fdre_C_D)       -0.238    14.839    cpu/core/registers/registers_reg[3][26]
  -------------------------------------------------------------------
                         required time                         14.839    
                         arrival time                         -11.555    
  -------------------------------------------------------------------
                         slack                                  3.284    

Slack (MET) :             3.303ns  (required time - arrival time)
  Source:                 cpu/counter/pc_reg[8]/C
                            (rising edge-triggered cell FDRE clocked by sys_clk_pin  {rise@0.000ns fall@5.000ns period=10.000ns})
  Destination:            cpu/core/registers/registers_reg[3][21]/D
                            (rising edge-triggered cell FDRE clocked by sys_clk_pin  {rise@0.000ns fall@5.000ns period=10.000ns})
  Path Group:             sys_clk_pin
  Path Type:              Setup (Max at Slow Process Corner)
  Requirement:            10.000ns  (sys_clk_pin rise@10.000ns - sys_clk_pin rise@0.000ns)
  Data Path Delay:        6.360ns  (logic 2.266ns (35.628%)  route 4.094ns (64.372%))
  Logic Levels:           8  (CARRY4=5 LUT4=1 LUT5=1 LUT6=1)
  Clock Path Skew:        -0.039ns (DCD - SCD + CPR)
    Destination Clock Delay (DCD):    4.851ns = ( 14.851 - 10.000 ) 
    Source Clock Delay      (SCD):    5.150ns
    Clock Pessimism Removal (CPR):    0.260ns
  Clock Uncertainty:      0.035ns  ((TSJ^2 + TIJ^2)^1/2 + DJ) / 2 + PE
    Total System Jitter     (TSJ):    0.071ns
    Total Input Jitter      (TIJ):    0.000ns
    Discrete Jitter          (DJ):    0.000ns
    Phase Error              (PE):    0.000ns

    Location             Delay type                Incr(ns)  Path(ns)    Netlist Resource(s)
  -------------------------------------------------------------------    -------------------
                         (clock sys_clk_pin rise edge)
                                                      0.000     0.000 r  
    W5                                                0.000     0.000 r  clk (IN)
                         net (fo=0)                   0.000     0.000    clk
    W5                   IBUF (Prop_ibuf_I_O)         1.458     1.458 r  clk_IBUF_inst/O
                         net (fo=1, routed)           1.967     3.425    clk_IBUF
    BUFGCTRL_X0Y0        BUFG (Prop_bufg_I_O)         0.096     3.521 r  clk_IBUF_BUFG_inst/O
                         net (fo=94, routed)          1.629     5.150    cpu/counter/CLK
    SLICE_X3Y32          FDRE                                         r  cpu/counter/pc_reg[8]/C
  -------------------------------------------------------------------    -------------------
    SLICE_X3Y32          FDRE (Prop_fdre_C_Q)         0.456     5.606 f  cpu/counter/pc_reg[8]/Q
                         net (fo=2, routed)           0.821     6.427    cpu/counter/pc_reg[8]
    SLICE_X1Y33          LUT4 (Prop_lut4_I0_O)        0.124     6.551 f  cpu/counter/registers[3][31]_i_7/O
                         net (fo=2, routed)           0.982     7.532    cpu/counter/registers[3][31]_i_7_n_0
    SLICE_X2Y36          LUT5 (Prop_lut5_I4_O)        0.150     7.682 f  cpu/counter/registers[3][31]_i_3/O
                         net (fo=46, routed)          1.066     8.748    cpu/counter/registers[3][31]_i_3_n_0
    SLICE_X3Y29          LUT6 (Prop_lut6_I4_O)        0.328     9.076 r  cpu/counter/result0_carry__0_i_3/O
                         net (fo=1, routed)           0.612     9.688    cpu/core/ALU1/rs1_data[5]
    SLICE_X2Y29          CARRY4 (Prop_carry4_DI[1]_CO[3])
                                                      0.520    10.208 r  cpu/core/ALU1/result0_carry__0/CO[3]
                         net (fo=1, routed)           0.000    10.208    cpu/core/ALU1/result0_carry__0_n_0
    SLICE_X2Y30          CARRY4 (Prop_carry4_CI_CO[3])
                                                      0.117    10.325 r  cpu/core/ALU1/result0_carry__1/CO[3]
                         net (fo=1, routed)           0.000    10.325    cpu/core/ALU1/result0_carry__1_n_0
    SLICE_X2Y31          CARRY4 (Prop_carry4_CI_CO[3])
                                                      0.117    10.442 r  cpu/core/ALU1/result0_carry__2/CO[3]
                         net (fo=1, routed)           0.000    10.442    cpu/core/ALU1/result0_carry__2_n_0
    SLICE_X2Y32          CARRY4 (Prop_carry4_CI_CO[3])
                                                      0.117    10.559 r  cpu/core/ALU1/result0_carry__3/CO[3]
                         net (fo=1, routed)           0.000    10.559    cpu/core/ALU1/result0_carry__3_n_0
    SLICE_X2Y33          CARRY4 (Prop_carry4_CI_O[1])
                                                      0.337    10.896 r  cpu/core/ALU1/result0_carry__4/O[1]
                         net (fo=2, routed)           0.614    11.510    cpu/core/registers/D[21]
    SLICE_X4Y33          FDRE                                         r  cpu/core/registers/registers_reg[3][21]/D
  -------------------------------------------------------------------    -------------------

                         (clock sys_clk_pin rise edge)
                                                     10.000    10.000 r  
    W5                                                0.000    10.000 r  clk (IN)
                         net (fo=0)                   0.000    10.000    clk
    W5                   IBUF (Prop_ibuf_I_O)         1.388    11.388 r  clk_IBUF_inst/O
                         net (fo=1, routed)           1.862    13.250    clk_IBUF
    BUFGCTRL_X0Y0        BUFG (Prop_bufg_I_O)         0.091    13.341 r  clk_IBUF_BUFG_inst/O
                         net (fo=94, routed)          1.510    14.851    cpu/core/registers/CLK
    SLICE_X4Y33          FDRE                                         r  cpu/core/registers/registers_reg[3][21]/C
                         clock pessimism              0.260    15.111    
                         clock uncertainty           -0.035    15.076    
    SLICE_X4Y33          FDRE (Setup_fdre_C_D)       -0.263    14.813    cpu/core/registers/registers_reg[3][21]
  -------------------------------------------------------------------
                         required time                         14.813    
                         arrival time                         -11.510    
  -------------------------------------------------------------------
                         slack                                  3.303    

Slack (MET) :             3.316ns  (required time - arrival time)
  Source:                 cpu/counter/pc_reg[8]/C
                            (rising edge-triggered cell FDRE clocked by sys_clk_pin  {rise@0.000ns fall@5.000ns period=10.000ns})
  Destination:            cpu/core/registers/registers_reg[3][25]/D
                            (rising edge-triggered cell FDRE clocked by sys_clk_pin  {rise@0.000ns fall@5.000ns period=10.000ns})
  Path Group:             sys_clk_pin
  Path Type:              Setup (Max at Slow Process Corner)
  Requirement:            10.000ns  (sys_clk_pin rise@10.000ns - sys_clk_pin rise@0.000ns)
  Data Path Delay:        6.348ns  (logic 2.383ns (37.541%)  route 3.965ns (62.459%))
  Logic Levels:           9  (CARRY4=6 LUT4=1 LUT5=1 LUT6=1)
  Clock Path Skew:        -0.038ns (DCD - SCD + CPR)
    Destination Clock Delay (DCD):    4.852ns = ( 14.852 - 10.000 ) 
    Source Clock Delay      (SCD):    5.150ns
    Clock Pessimism Removal (CPR):    0.260ns
  Clock Uncertainty:      0.035ns  ((TSJ^2 + TIJ^2)^1/2 + DJ) / 2 + PE
    Total System Jitter     (TSJ):    0.071ns
    Total Input Jitter      (TIJ):    0.000ns
    Discrete Jitter          (DJ):    0.000ns
    Phase Error              (PE):    0.000ns

    Location             Delay type                Incr(ns)  Path(ns)    Netlist Resource(s)
  -------------------------------------------------------------------    -------------------
                         (clock sys_clk_pin rise edge)
                                                      0.000     0.000 r  
    W5                                                0.000     0.000 r  clk (IN)
                         net (fo=0)                   0.000     0.000    clk
    W5                   IBUF (Prop_ibuf_I_O)         1.458     1.458 r  clk_IBUF_inst/O
                         net (fo=1, routed)           1.967     3.425    clk_IBUF
    BUFGCTRL_X0Y0        BUFG (Prop_bufg_I_O)         0.096     3.521 r  clk_IBUF_BUFG_inst/O
                         net (fo=94, routed)          1.629     5.150    cpu/counter/CLK
    SLICE_X3Y32          FDRE                                         r  cpu/counter/pc_reg[8]/C
  -------------------------------------------------------------------    -------------------
    SLICE_X3Y32          FDRE (Prop_fdre_C_Q)         0.456     5.606 f  cpu/counter/pc_reg[8]/Q
                         net (fo=2, routed)           0.821     6.427    cpu/counter/pc_reg[8]
    SLICE_X1Y33          LUT4 (Prop_lut4_I0_O)        0.124     6.551 f  cpu/counter/registers[3][31]_i_7/O
                         net (fo=2, routed)           0.982     7.532    cpu/counter/registers[3][31]_i_7_n_0
    SLICE_X2Y36          LUT5 (Prop_lut5_I4_O)        0.150     7.682 f  cpu/counter/registers[3][31]_i_3/O
                         net (fo=46, routed)          1.066     8.748    cpu/counter/registers[3][31]_i_3_n_0
    SLICE_X3Y29          LUT6 (Prop_lut6_I4_O)        0.328     9.076 r  cpu/counter/result0_carry__0_i_3/O
                         net (fo=1, routed)           0.612     9.688    cpu/core/ALU1/rs1_data[5]
    SLICE_X2Y29          CARRY4 (Prop_carry4_DI[1]_CO[3])
                                                      0.520    10.208 r  cpu/core/ALU1/result0_carry__0/CO[3]
                         net (fo=1, routed)           0.000    10.208    cpu/core/ALU1/result0_carry__0_n_0
    SLICE_X2Y30          CARRY4 (Prop_carry4_CI_CO[3])
                                                      0.117    10.325 r  cpu/core/ALU1/result0_carry__1/CO[3]
                         net (fo=1, routed)           0.000    10.325    cpu/core/ALU1/result0_carry__1_n_0
    SLICE_X2Y31          CARRY4 (Prop_carry4_CI_CO[3])
                                                      0.117    10.442 r  cpu/core/ALU1/result0_carry__2/CO[3]
                         net (fo=1, routed)           0.000    10.442    cpu/core/ALU1/result0_carry__2_n_0
    SLICE_X2Y32          CARRY4 (Prop_carry4_CI_CO[3])
                                                      0.117    10.559 r  cpu/core/ALU1/result0_carry__3/CO[3]
                         net (fo=1, routed)           0.000    10.559    cpu/core/ALU1/result0_carry__3_n_0
    SLICE_X2Y33          CARRY4 (Prop_carry4_CI_CO[3])
                                                      0.117    10.676 r  cpu/core/ALU1/result0_carry__4/CO[3]
                         net (fo=1, routed)           0.000    10.676    cpu/core/ALU1/result0_carry__4_n_0
    SLICE_X2Y34          CARRY4 (Prop_carry4_CI_O[1])
                                                      0.337    11.013 r  cpu/core/ALU1/result0_carry__5/O[1]
                         net (fo=2, routed)           0.485    11.498    cpu/core/registers/D[25]
    SLICE_X4Y34          FDRE                                         r  cpu/core/registers/registers_reg[3][25]/D
  -------------------------------------------------------------------    -------------------

                         (clock sys_clk_pin rise edge)
                                                     10.000    10.000 r  
    W5                                                0.000    10.000 r  clk (IN)
                         net (fo=0)                   0.000    10.000    clk
    W5                   IBUF (Prop_ibuf_I_O)         1.388    11.388 r  clk_IBUF_inst/O
                         net (fo=1, routed)           1.862    13.250    clk_IBUF
    BUFGCTRL_X0Y0        BUFG (Prop_bufg_I_O)         0.091    13.341 r  clk_IBUF_BUFG_inst/O
                         net (fo=94, routed)          1.511    14.852    cpu/core/registers/CLK
    SLICE_X4Y34          FDRE                                         r  cpu/core/registers/registers_reg[3][25]/C
                         clock pessimism              0.260    15.112    
                         clock uncertainty           -0.035    15.077    
    SLICE_X4Y34          FDRE (Setup_fdre_C_D)       -0.263    14.814    cpu/core/registers/registers_reg[3][25]
  -------------------------------------------------------------------
                         required time                         14.814    
                         arrival time                         -11.498    
  -------------------------------------------------------------------
                         slack                                  3.316    





Min Delay Paths
--------------------------------------------------------------------------------------
Slack (MET) :             0.195ns  (arrival time - required time)
  Source:                 cpu/core/registers/registers_reg[3][11]/C
                            (rising edge-triggered cell FDRE clocked by sys_clk_pin  {rise@0.000ns fall@5.000ns period=10.000ns})
  Destination:            cpu/core/registers/registers_reg[2][11]/D
                            (rising edge-triggered cell FDRE clocked by sys_clk_pin  {rise@0.000ns fall@5.000ns period=10.000ns})
  Path Group:             sys_clk_pin
  Path Type:              Hold (Min at Fast Process Corner)
  Requirement:            0.000ns  (sys_clk_pin rise@0.000ns - sys_clk_pin rise@0.000ns)
  Data Path Delay:        0.338ns  (logic 0.250ns (73.997%)  route 0.088ns (26.003%))
  Logic Levels:           2  (CARRY4=1 LUT6=1)
  Clock Path Skew:        0.013ns (DCD - SCD - CPR)
    Destination Clock Delay (DCD):    1.983ns
    Source Clock Delay      (SCD):    1.470ns
    Clock Pessimism Removal (CPR):    0.500ns

    Location             Delay type                Incr(ns)  Path(ns)    Netlist Resource(s)
  -------------------------------------------------------------------    -------------------
                         (clock sys_clk_pin rise edge)
                                                      0.000     0.000 r  
    W5                                                0.000     0.000 r  clk (IN)
                         net (fo=0)                   0.000     0.000    clk
    W5                   IBUF (Prop_ibuf_I_O)         0.226     0.226 r  clk_IBUF_inst/O
                         net (fo=1, routed)           0.631     0.858    clk_IBUF
    BUFGCTRL_X0Y0        BUFG (Prop_bufg_I_O)         0.026     0.884 r  clk_IBUF_BUFG_inst/O
                         net (fo=94, routed)          0.587     1.470    cpu/core/registers/CLK
    SLICE_X3Y30          FDRE                                         r  cpu/core/registers/registers_reg[3][11]/C
  -------------------------------------------------------------------    -------------------
    SLICE_X3Y30          FDRE (Prop_fdre_C_Q)         0.141     1.611 r  cpu/core/registers/registers_reg[3][11]/Q
                         net (fo=4, routed)           0.088     1.699    cpu/counter/debug_x3[11]
    SLICE_X2Y30          LUT6 (Prop_lut6_I0_O)        0.045     1.744 r  cpu/counter/result0_carry__1_i_5/O
                         net (fo=1, routed)           0.000     1.744    cpu/core/ALU1/registers_reg[3][11][3]
    SLICE_X2Y30          CARRY4 (Prop_carry4_S[3]_O[3])
                                                      0.064     1.808 r  cpu/core/ALU1/result0_carry__1/O[3]
                         net (fo=2, routed)           0.000     1.808    cpu/core/registers/D[11]
    SLICE_X2Y30          FDRE                                         r  cpu/core/registers/registers_reg[2][11]/D
  -------------------------------------------------------------------    -------------------

                         (clock sys_clk_pin rise edge)
                                                      0.000     0.000 r  
    W5                                                0.000     0.000 r  clk (IN)
                         net (fo=0)                   0.000     0.000    clk
    W5                   IBUF (Prop_ibuf_I_O)         0.414     0.414 r  clk_IBUF_inst/O
                         net (fo=1, routed)           0.685     1.099    clk_IBUF
    BUFGCTRL_X0Y0        BUFG (Prop_bufg_I_O)         0.029     1.128 r  clk_IBUF_BUFG_inst/O
                         net (fo=94, routed)          0.856     1.983    cpu/core/registers/CLK
    SLICE_X2Y30          FDRE                                         r  cpu/core/registers/registers_reg[2][11]/C
                         clock pessimism             -0.500     1.483    
    SLICE_X2Y30          FDRE (Hold_fdre_C_D)         0.130     1.613    cpu/core/registers/registers_reg[2][11]
  -------------------------------------------------------------------
                         required time                         -1.613    
                         arrival time                           1.808    
  -------------------------------------------------------------------
                         slack                                  0.195    

Slack (MET) :             0.199ns  (arrival time - required time)
  Source:                 cpu/core/registers/registers_reg[3][7]/C
                            (rising edge-triggered cell FDRE clocked by sys_clk_pin  {rise@0.000ns fall@5.000ns period=10.000ns})
  Destination:            cpu/core/registers/registers_reg[2][7]/D
                            (rising edge-triggered cell FDRE clocked by sys_clk_pin  {rise@0.000ns fall@5.000ns period=10.000ns})
  Path Group:             sys_clk_pin
  Path Type:              Hold (Min at Fast Process Corner)
  Requirement:            0.000ns  (sys_clk_pin rise@0.000ns - sys_clk_pin rise@0.000ns)
  Data Path Delay:        0.342ns  (logic 0.250ns (73.035%)  route 0.092ns (26.965%))
  Logic Levels:           2  (CARRY4=1 LUT6=1)
  Clock Path Skew:        0.013ns (DCD - SCD - CPR)
    Destination Clock Delay (DCD):    1.982ns
    Source Clock Delay      (SCD):    1.469ns
    Clock Pessimism Removal (CPR):    0.500ns

    Location             Delay type                Incr(ns)  Path(ns)    Netlist Resource(s)
  -------------------------------------------------------------------    -------------------
                         (clock sys_clk_pin rise edge)
                                                      0.000     0.000 r  
    W5                                                0.000     0.000 r  clk (IN)
                         net (fo=0)                   0.000     0.000    clk
    W5                   IBUF (Prop_ibuf_I_O)         0.226     0.226 r  clk_IBUF_inst/O
                         net (fo=1, routed)           0.631     0.858    clk_IBUF
    BUFGCTRL_X0Y0        BUFG (Prop_bufg_I_O)         0.026     0.884 r  clk_IBUF_BUFG_inst/O
                         net (fo=94, routed)          0.586     1.469    cpu/core/registers/CLK
    SLICE_X3Y29          FDRE                                         r  cpu/core/registers/registers_reg[3][7]/C
  -------------------------------------------------------------------    -------------------
    SLICE_X3Y29          FDRE (Prop_fdre_C_Q)         0.141     1.610 r  cpu/core/registers/registers_reg[3][7]/Q
                         net (fo=4, routed)           0.092     1.702    cpu/counter/debug_x3[7]
    SLICE_X2Y29          LUT6 (Prop_lut6_I0_O)        0.045     1.747 r  cpu/counter/result0_carry__0_i_5/O
                         net (fo=1, routed)           0.000     1.747    cpu/core/ALU1/registers_reg[3][7][3]
    SLICE_X2Y29          CARRY4 (Prop_carry4_S[3]_O[3])
                                                      0.064     1.811 r  cpu/core/ALU1/result0_carry__0/O[3]
                         net (fo=2, routed)           0.000     1.811    cpu/core/registers/D[7]
    SLICE_X2Y29          FDRE                                         r  cpu/core/registers/registers_reg[2][7]/D
  -------------------------------------------------------------------    -------------------

                         (clock sys_clk_pin rise edge)
                                                      0.000     0.000 r  
    W5                                                0.000     0.000 r  clk (IN)
                         net (fo=0)                   0.000     0.000    clk
    W5                   IBUF (Prop_ibuf_I_O)         0.414     0.414 r  clk_IBUF_inst/O
                         net (fo=1, routed)           0.685     1.099    clk_IBUF
    BUFGCTRL_X0Y0        BUFG (Prop_bufg_I_O)         0.029     1.128 r  clk_IBUF_BUFG_inst/O
                         net (fo=94, routed)          0.855     1.982    cpu/core/registers/CLK
    SLICE_X2Y29          FDRE                                         r  cpu/core/registers/registers_reg[2][7]/C
                         clock pessimism             -0.500     1.482    
    SLICE_X2Y29          FDRE (Hold_fdre_C_D)         0.130     1.612    cpu/core/registers/registers_reg[2][7]
  -------------------------------------------------------------------
                         required time                         -1.612    
                         arrival time                           1.811    
  -------------------------------------------------------------------
                         slack                                  0.199    

Slack (MET) :             0.224ns  (arrival time - required time)
  Source:                 cpu/core/registers/registers_reg[3][0]/C
                            (rising edge-triggered cell FDRE clocked by sys_clk_pin  {rise@0.000ns fall@5.000ns period=10.000ns})
  Destination:            cpu/core/registers/registers_reg[2][0]/D
                            (rising edge-triggered cell FDRE clocked by sys_clk_pin  {rise@0.000ns fall@5.000ns period=10.000ns})
  Path Group:             sys_clk_pin
  Path Type:              Hold (Min at Fast Process Corner)
  Requirement:            0.000ns  (sys_clk_pin rise@0.000ns - sys_clk_pin rise@0.000ns)
  Data Path Delay:        0.367ns  (logic 0.256ns (69.672%)  route 0.111ns (30.328%))
  Logic Levels:           2  (CARRY4=1 LUT6=1)
  Clock Path Skew:        0.013ns (DCD - SCD - CPR)
    Destination Clock Delay (DCD):    1.981ns
    Source Clock Delay      (SCD):    1.468ns
    Clock Pessimism Removal (CPR):    0.500ns

    Location             Delay type                Incr(ns)  Path(ns)    Netlist Resource(s)
  -------------------------------------------------------------------    -------------------
                         (clock sys_clk_pin rise edge)
                                                      0.000     0.000 r  
    W5                                                0.000     0.000 r  clk (IN)
                         net (fo=0)                   0.000     0.000    clk
    W5                   IBUF (Prop_ibuf_I_O)         0.226     0.226 r  clk_IBUF_inst/O
                         net (fo=1, routed)           0.631     0.858    clk_IBUF
    BUFGCTRL_X0Y0        BUFG (Prop_bufg_I_O)         0.026     0.884 r  clk_IBUF_BUFG_inst/O
                         net (fo=94, routed)          0.585     1.468    cpu/core/registers/CLK
    SLICE_X3Y28          FDRE                                         r  cpu/core/registers/registers_reg[3][0]/C
  -------------------------------------------------------------------    -------------------
    SLICE_X3Y28          FDRE (Prop_fdre_C_Q)         0.141     1.609 r  cpu/core/registers/registers_reg[3][0]/Q
                         net (fo=4, routed)           0.111     1.721    cpu/counter/debug_x3[0]
    SLICE_X2Y28          LUT6 (Prop_lut6_I0_O)        0.045     1.766 r  cpu/counter/result0_carry_i_8/O
                         net (fo=1, routed)           0.000     1.766    cpu/core/ALU1/registers_reg[3][3][0]
    SLICE_X2Y28          CARRY4 (Prop_carry4_S[0]_O[0])
                                                      0.070     1.836 r  cpu/core/ALU1/result0_carry/O[0]
                         net (fo=2, routed)           0.000     1.836    cpu/core/registers/D[0]
    SLICE_X2Y28          FDRE                                         r  cpu/core/registers/registers_reg[2][0]/D
  -------------------------------------------------------------------    -------------------

                         (clock sys_clk_pin rise edge)
                                                      0.000     0.000 r  
    W5                                                0.000     0.000 r  clk (IN)
                         net (fo=0)                   0.000     0.000    clk
    W5                   IBUF (Prop_ibuf_I_O)         0.414     0.414 r  clk_IBUF_inst/O
                         net (fo=1, routed)           0.685     1.099    clk_IBUF
    BUFGCTRL_X0Y0        BUFG (Prop_bufg_I_O)         0.029     1.128 r  clk_IBUF_BUFG_inst/O
                         net (fo=94, routed)          0.854     1.981    cpu/core/registers/CLK
    SLICE_X2Y28          FDRE                                         r  cpu/core/registers/registers_reg[2][0]/C
                         clock pessimism             -0.500     1.481    
    SLICE_X2Y28          FDRE (Hold_fdre_C_D)         0.130     1.611    cpu/core/registers/registers_reg[2][0]
  -------------------------------------------------------------------
                         required time                         -1.611    
                         arrival time                           1.836    
  -------------------------------------------------------------------
                         slack                                  0.224    

Slack (MET) :             0.226ns  (arrival time - required time)
  Source:                 cpu/core/registers/registers_reg[3][3]/C
                            (rising edge-triggered cell FDRE clocked by sys_clk_pin  {rise@0.000ns fall@5.000ns period=10.000ns})
  Destination:            cpu/core/registers/registers_reg[2][3]/D
                            (rising edge-triggered cell FDRE clocked by sys_clk_pin  {rise@0.000ns fall@5.000ns period=10.000ns})
  Path Group:             sys_clk_pin
  Path Type:              Hold (Min at Fast Process Corner)
  Requirement:            0.000ns  (sys_clk_pin rise@0.000ns - sys_clk_pin rise@0.000ns)
  Data Path Delay:        0.369ns  (logic 0.250ns (67.787%)  route 0.119ns (32.213%))
  Logic Levels:           2  (CARRY4=1 LUT6=1)
  Clock Path Skew:        0.013ns (DCD - SCD - CPR)
    Destination Clock Delay (DCD):    1.981ns
    Source Clock Delay      (SCD):    1.468ns
    Clock Pessimism Removal (CPR):    0.500ns

    Location             Delay type                Incr(ns)  Path(ns)    Netlist Resource(s)
  -------------------------------------------------------------------    -------------------
                         (clock sys_clk_pin rise edge)
                                                      0.000     0.000 r  
    W5                                                0.000     0.000 r  clk (IN)
                         net (fo=0)                   0.000     0.000    clk
    W5                   IBUF (Prop_ibuf_I_O)         0.226     0.226 r  clk_IBUF_inst/O
                         net (fo=1, routed)           0.631     0.858    clk_IBUF
    BUFGCTRL_X0Y0        BUFG (Prop_bufg_I_O)         0.026     0.884 r  clk_IBUF_BUFG_inst/O
                         net (fo=94, routed)          0.585     1.468    cpu/core/registers/CLK
    SLICE_X3Y28          FDRE                                         r  cpu/core/registers/registers_reg[3][3]/C
  -------------------------------------------------------------------    -------------------
    SLICE_X3Y28          FDRE (Prop_fdre_C_Q)         0.141     1.609 r  cpu/core/registers/registers_reg[3][3]/Q
                         net (fo=4, routed)           0.119     1.728    cpu/counter/debug_x3[3]
    SLICE_X2Y28          LUT6 (Prop_lut6_I0_O)        0.045     1.773 r  cpu/counter/result0_carry_i_5/O
                         net (fo=1, routed)           0.000     1.773    cpu/core/ALU1/registers_reg[3][3][3]
    SLICE_X2Y28          CARRY4 (Prop_carry4_S[3]_O[3])
                                                      0.064     1.837 r  cpu/core/ALU1/result0_carry/O[3]
                         net (fo=2, routed)           0.000     1.837    cpu/core/registers/D[3]
    SLICE_X2Y28          FDRE                                         r  cpu/core/registers/registers_reg[2][3]/D
  -------------------------------------------------------------------    -------------------

                         (clock sys_clk_pin rise edge)
                                                      0.000     0.000 r  
    W5                                                0.000     0.000 r  clk (IN)
                         net (fo=0)                   0.000     0.000    clk
    W5                   IBUF (Prop_ibuf_I_O)         0.414     0.414 r  clk_IBUF_inst/O
                         net (fo=1, routed)           0.685     1.099    clk_IBUF
    BUFGCTRL_X0Y0        BUFG (Prop_bufg_I_O)         0.029     1.128 r  clk_IBUF_BUFG_inst/O
                         net (fo=94, routed)          0.854     1.981    cpu/core/registers/CLK
    SLICE_X2Y28          FDRE                                         r  cpu/core/registers/registers_reg[2][3]/C
                         clock pessimism             -0.500     1.481    
    SLICE_X2Y28          FDRE (Hold_fdre_C_D)         0.130     1.611    cpu/core/registers/registers_reg[2][3]
  -------------------------------------------------------------------
                         required time                         -1.611    
                         arrival time                           1.837    
  -------------------------------------------------------------------
                         slack                                  0.226    

Slack (MET) :             0.259ns  (arrival time - required time)
  Source:                 cpu/core/registers/registers_reg[3][0]/C
                            (rising edge-triggered cell FDRE clocked by sys_clk_pin  {rise@0.000ns fall@5.000ns period=10.000ns})
  Destination:            cpu/core/registers/registers_reg[2][1]/D
                            (rising edge-triggered cell FDRE clocked by sys_clk_pin  {rise@0.000ns fall@5.000ns period=10.000ns})
  Path Group:             sys_clk_pin
  Path Type:              Hold (Min at Fast Process Corner)
  Requirement:            0.000ns  (sys_clk_pin rise@0.000ns - sys_clk_pin rise@0.000ns)
  Data Path Delay:        0.402ns  (logic 0.291ns (72.310%)  route 0.111ns (27.691%))
  Logic Levels:           2  (CARRY4=1 LUT6=1)
  Clock Path Skew:        0.013ns (DCD - SCD - CPR)
    Destination Clock Delay (DCD):    1.981ns
    Source Clock Delay      (SCD):    1.468ns
    Clock Pessimism Removal (CPR):    0.500ns

    Location             Delay type                Incr(ns)  Path(ns)    Netlist Resource(s)
  -------------------------------------------------------------------    -------------------
                         (clock sys_clk_pin rise edge)
                                                      0.000     0.000 r  
    W5                                                0.000     0.000 r  clk (IN)
                         net (fo=0)                   0.000     0.000    clk
    W5                   IBUF (Prop_ibuf_I_O)         0.226     0.226 r  clk_IBUF_inst/O
                         net (fo=1, routed)           0.631     0.858    clk_IBUF
    BUFGCTRL_X0Y0        BUFG (Prop_bufg_I_O)         0.026     0.884 r  clk_IBUF_BUFG_inst/O
                         net (fo=94, routed)          0.585     1.468    cpu/core/registers/CLK
    SLICE_X3Y28          FDRE                                         r  cpu/core/registers/registers_reg[3][0]/C
  -------------------------------------------------------------------    -------------------
    SLICE_X3Y28          FDRE (Prop_fdre_C_Q)         0.141     1.609 r  cpu/core/registers/registers_reg[3][0]/Q
                         net (fo=4, routed)           0.111     1.721    cpu/counter/debug_x3[0]
    SLICE_X2Y28          LUT6 (Prop_lut6_I0_O)        0.045     1.766 r  cpu/counter/result0_carry_i_8/O
                         net (fo=1, routed)           0.000     1.766    cpu/core/ALU1/registers_reg[3][3][0]
    SLICE_X2Y28          CARRY4 (Prop_carry4_S[0]_O[1])
                                                      0.105     1.871 r  cpu/core/ALU1/result0_carry/O[1]
                         net (fo=2, routed)           0.000     1.871    cpu/core/registers/D[1]
    SLICE_X2Y28          FDRE                                         r  cpu/core/registers/registers_reg[2][1]/D
  -------------------------------------------------------------------    -------------------

                         (clock sys_clk_pin rise edge)
                                                      0.000     0.000 r  
    W5                                                0.000     0.000 r  clk (IN)
                         net (fo=0)                   0.000     0.000    clk
    W5                   IBUF (Prop_ibuf_I_O)         0.414     0.414 r  clk_IBUF_inst/O
                         net (fo=1, routed)           0.685     1.099    clk_IBUF
    BUFGCTRL_X0Y0        BUFG (Prop_bufg_I_O)         0.029     1.128 r  clk_IBUF_BUFG_inst/O
                         net (fo=94, routed)          0.854     1.981    cpu/core/registers/CLK
    SLICE_X2Y28          FDRE                                         r  cpu/core/registers/registers_reg[2][1]/C
                         clock pessimism             -0.500     1.481    
    SLICE_X2Y28          FDRE (Hold_fdre_C_D)         0.130     1.611    cpu/core/registers/registers_reg[2][1]
  -------------------------------------------------------------------
                         required time                         -1.611    
                         arrival time                           1.871    
  -------------------------------------------------------------------
                         slack                                  0.259    

Slack (MET) :             0.264ns  (arrival time - required time)
  Source:                 cpu/counter/pc_reg[29]/C
                            (rising edge-triggered cell FDRE clocked by sys_clk_pin  {rise@0.000ns fall@5.000ns period=10.000ns})
  Destination:            cpu/counter/pc_reg[29]/D
                            (rising edge-triggered cell FDRE clocked by sys_clk_pin  {rise@0.000ns fall@5.000ns period=10.000ns})
  Path Group:             sys_clk_pin
  Path Type:              Hold (Min at Fast Process Corner)
  Requirement:            0.000ns  (sys_clk_pin rise@0.000ns - sys_clk_pin rise@0.000ns)
  Data Path Delay:        0.369ns  (logic 0.249ns (67.424%)  route 0.120ns (32.576%))
  Logic Levels:           1  (CARRY4=1)
  Clock Path Skew:        0.000ns (DCD - SCD - CPR)
    Destination Clock Delay (DCD):    1.989ns
    Source Clock Delay      (SCD):    1.475ns
    Clock Pessimism Removal (CPR):    0.514ns

    Location             Delay type                Incr(ns)  Path(ns)    Netlist Resource(s)
  -------------------------------------------------------------------    -------------------
                         (clock sys_clk_pin rise edge)
                                                      0.000     0.000 r  
    W5                                                0.000     0.000 r  clk (IN)
                         net (fo=0)                   0.000     0.000    clk
    W5                   IBUF (Prop_ibuf_I_O)         0.226     0.226 r  clk_IBUF_inst/O
                         net (fo=1, routed)           0.631     0.858    clk_IBUF
    BUFGCTRL_X0Y0        BUFG (Prop_bufg_I_O)         0.026     0.884 r  clk_IBUF_BUFG_inst/O
                         net (fo=94, routed)          0.592     1.475    cpu/counter/CLK
    SLICE_X3Y37          FDRE                                         r  cpu/counter/pc_reg[29]/C
  -------------------------------------------------------------------    -------------------
    SLICE_X3Y37          FDRE (Prop_fdre_C_Q)         0.141     1.616 r  cpu/counter/pc_reg[29]/Q
                         net (fo=2, routed)           0.120     1.736    cpu/counter/pc_reg[29]
    SLICE_X3Y37          CARRY4 (Prop_carry4_S[3]_O[3])
                                                      0.108     1.844 r  cpu/counter/pc_reg[26]_i_1/O[3]
                         net (fo=1, routed)           0.000     1.844    cpu/counter/pc_reg[26]_i_1_n_4
    SLICE_X3Y37          FDRE                                         r  cpu/counter/pc_reg[29]/D
  -------------------------------------------------------------------    -------------------

                         (clock sys_clk_pin rise edge)
                                                      0.000     0.000 r  
    W5                                                0.000     0.000 r  clk (IN)
                         net (fo=0)                   0.000     0.000    clk
    W5                   IBUF (Prop_ibuf_I_O)         0.414     0.414 r  clk_IBUF_inst/O
                         net (fo=1, routed)           0.685     1.099    clk_IBUF
    BUFGCTRL_X0Y0        BUFG (Prop_bufg_I_O)         0.029     1.128 r  clk_IBUF_BUFG_inst/O
                         net (fo=94, routed)          0.862     1.989    cpu/counter/CLK
    SLICE_X3Y37          FDRE                                         r  cpu/counter/pc_reg[29]/C
                         clock pessimism             -0.514     1.475    
    SLICE_X3Y37          FDRE (Hold_fdre_C_D)         0.105     1.580    cpu/counter/pc_reg[29]
  -------------------------------------------------------------------
                         required time                         -1.580    
                         arrival time                           1.844    
  -------------------------------------------------------------------
                         slack                                  0.264    

Slack (MET) :             0.264ns  (arrival time - required time)
  Source:                 cpu/counter/pc_reg[25]/C
                            (rising edge-triggered cell FDRE clocked by sys_clk_pin  {rise@0.000ns fall@5.000ns period=10.000ns})
  Destination:            cpu/counter/pc_reg[25]/D
                            (rising edge-triggered cell FDRE clocked by sys_clk_pin  {rise@0.000ns fall@5.000ns period=10.000ns})
  Path Group:             sys_clk_pin
  Path Type:              Hold (Min at Fast Process Corner)
  Requirement:            0.000ns  (sys_clk_pin rise@0.000ns - sys_clk_pin rise@0.000ns)
  Data Path Delay:        0.369ns  (logic 0.249ns (67.424%)  route 0.120ns (32.576%))
  Logic Levels:           1  (CARRY4=1)
  Clock Path Skew:        0.000ns (DCD - SCD - CPR)
    Destination Clock Delay (DCD):    1.988ns
    Source Clock Delay      (SCD):    1.474ns
    Clock Pessimism Removal (CPR):    0.514ns

    Location             Delay type                Incr(ns)  Path(ns)    Netlist Resource(s)
  -------------------------------------------------------------------    -------------------
                         (clock sys_clk_pin rise edge)
                                                      0.000     0.000 r  
    W5                                                0.000     0.000 r  clk (IN)
                         net (fo=0)                   0.000     0.000    clk
    W5                   IBUF (Prop_ibuf_I_O)         0.226     0.226 r  clk_IBUF_inst/O
                         net (fo=1, routed)           0.631     0.858    clk_IBUF
    BUFGCTRL_X0Y0        BUFG (Prop_bufg_I_O)         0.026     0.884 r  clk_IBUF_BUFG_inst/O
                         net (fo=94, routed)          0.591     1.474    cpu/counter/CLK
    SLICE_X3Y36          FDRE                                         r  cpu/counter/pc_reg[25]/C
  -------------------------------------------------------------------    -------------------
    SLICE_X3Y36          FDRE (Prop_fdre_C_Q)         0.141     1.615 r  cpu/counter/pc_reg[25]/Q
                         net (fo=2, routed)           0.120     1.735    cpu/counter/pc_reg[25]
    SLICE_X3Y36          CARRY4 (Prop_carry4_S[3]_O[3])
                                                      0.108     1.843 r  cpu/counter/pc_reg[22]_i_1/O[3]
                         net (fo=1, routed)           0.000     1.843    cpu/counter/pc_reg[22]_i_1_n_4
    SLICE_X3Y36          FDRE                                         r  cpu/counter/pc_reg[25]/D
  -------------------------------------------------------------------    -------------------

                         (clock sys_clk_pin rise edge)
                                                      0.000     0.000 r  
    W5                                                0.000     0.000 r  clk (IN)
                         net (fo=0)                   0.000     0.000    clk
    W5                   IBUF (Prop_ibuf_I_O)         0.414     0.414 r  clk_IBUF_inst/O
                         net (fo=1, routed)           0.685     1.099    clk_IBUF
    BUFGCTRL_X0Y0        BUFG (Prop_bufg_I_O)         0.029     1.128 r  clk_IBUF_BUFG_inst/O
                         net (fo=94, routed)          0.861     1.988    cpu/counter/CLK
    SLICE_X3Y36          FDRE                                         r  cpu/counter/pc_reg[25]/C
                         clock pessimism             -0.514     1.474    
    SLICE_X3Y36          FDRE (Hold_fdre_C_D)         0.105     1.579    cpu/counter/pc_reg[25]
  -------------------------------------------------------------------
                         required time                         -1.579    
                         arrival time                           1.843    
  -------------------------------------------------------------------
                         slack                                  0.264    

Slack (MET) :             0.264ns  (arrival time - required time)
  Source:                 cpu/counter/pc_reg[5]/C
                            (rising edge-triggered cell FDRE clocked by sys_clk_pin  {rise@0.000ns fall@5.000ns period=10.000ns})
  Destination:            cpu/counter/pc_reg[5]/D
                            (rising edge-triggered cell FDRE clocked by sys_clk_pin  {rise@0.000ns fall@5.000ns period=10.000ns})
  Path Group:             sys_clk_pin
  Path Type:              Hold (Min at Fast Process Corner)
  Requirement:            0.000ns  (sys_clk_pin rise@0.000ns - sys_clk_pin rise@0.000ns)
  Data Path Delay:        0.369ns  (logic 0.249ns (67.424%)  route 0.120ns (32.576%))
  Logic Levels:           1  (CARRY4=1)
  Clock Path Skew:        0.000ns (DCD - SCD - CPR)
    Destination Clock Delay (DCD):    1.984ns
    Source Clock Delay      (SCD):    1.471ns
    Clock Pessimism Removal (CPR):    0.513ns

    Location             Delay type                Incr(ns)  Path(ns)    Netlist Resource(s)
  -------------------------------------------------------------------    -------------------
                         (clock sys_clk_pin rise edge)
                                                      0.000     0.000 r  
    W5                                                0.000     0.000 r  clk (IN)
                         net (fo=0)                   0.000     0.000    clk
    W5                   IBUF (Prop_ibuf_I_O)         0.226     0.226 r  clk_IBUF_inst/O
                         net (fo=1, routed)           0.631     0.858    clk_IBUF
    BUFGCTRL_X0Y0        BUFG (Prop_bufg_I_O)         0.026     0.884 r  clk_IBUF_BUFG_inst/O
                         net (fo=94, routed)          0.588     1.471    cpu/counter/CLK
    SLICE_X3Y31          FDRE                                         r  cpu/counter/pc_reg[5]/C
  -------------------------------------------------------------------    -------------------
    SLICE_X3Y31          FDRE (Prop_fdre_C_Q)         0.141     1.612 r  cpu/counter/pc_reg[5]/Q
                         net (fo=2, routed)           0.120     1.732    cpu/counter/pc_reg[5]
    SLICE_X3Y31          CARRY4 (Prop_carry4_S[3]_O[3])
                                                      0.108     1.840 r  cpu/counter/pc_reg[2]_i_1/O[3]
                         net (fo=1, routed)           0.000     1.840    cpu/counter/pc_reg[2]_i_1_n_4
    SLICE_X3Y31          FDRE                                         r  cpu/counter/pc_reg[5]/D
  -------------------------------------------------------------------    -------------------

                         (clock sys_clk_pin rise edge)
                                                      0.000     0.000 r  
    W5                                                0.000     0.000 r  clk (IN)
                         net (fo=0)                   0.000     0.000    clk
    W5                   IBUF (Prop_ibuf_I_O)         0.414     0.414 r  clk_IBUF_inst/O
                         net (fo=1, routed)           0.685     1.099    clk_IBUF
    BUFGCTRL_X0Y0        BUFG (Prop_bufg_I_O)         0.029     1.128 r  clk_IBUF_BUFG_inst/O
                         net (fo=94, routed)          0.857     1.984    cpu/counter/CLK
    SLICE_X3Y31          FDRE                                         r  cpu/counter/pc_reg[5]/C
                         clock pessimism             -0.513     1.471    
    SLICE_X3Y31          FDRE (Hold_fdre_C_D)         0.105     1.576    cpu/counter/pc_reg[5]
  -------------------------------------------------------------------
                         required time                         -1.576    
                         arrival time                           1.840    
  -------------------------------------------------------------------
                         slack                                  0.264    

Slack (MET) :             0.264ns  (arrival time - required time)
  Source:                 cpu/counter/pc_reg[13]/C
                            (rising edge-triggered cell FDRE clocked by sys_clk_pin  {rise@0.000ns fall@5.000ns period=10.000ns})
  Destination:            cpu/counter/pc_reg[13]/D
                            (rising edge-triggered cell FDRE clocked by sys_clk_pin  {rise@0.000ns fall@5.000ns period=10.000ns})
  Path Group:             sys_clk_pin
  Path Type:              Hold (Min at Fast Process Corner)
  Requirement:            0.000ns  (sys_clk_pin rise@0.000ns - sys_clk_pin rise@0.000ns)
  Data Path Delay:        0.369ns  (logic 0.249ns (67.412%)  route 0.120ns (32.588%))
  Logic Levels:           1  (CARRY4=1)
  Clock Path Skew:        0.000ns (DCD - SCD - CPR)
    Destination Clock Delay (DCD):    1.986ns
    Source Clock Delay      (SCD):    1.473ns
    Clock Pessimism Removal (CPR):    0.513ns

    Location             Delay type                Incr(ns)  Path(ns)    Netlist Resource(s)
  -------------------------------------------------------------------    -------------------
                         (clock sys_clk_pin rise edge)
                                                      0.000     0.000 r  
    W5                                                0.000     0.000 r  clk (IN)
                         net (fo=0)                   0.000     0.000    clk
    W5                   IBUF (Prop_ibuf_I_O)         0.226     0.226 r  clk_IBUF_inst/O
                         net (fo=1, routed)           0.631     0.858    clk_IBUF
    BUFGCTRL_X0Y0        BUFG (Prop_bufg_I_O)         0.026     0.884 r  clk_IBUF_BUFG_inst/O
                         net (fo=94, routed)          0.590     1.473    cpu/counter/CLK
    SLICE_X3Y33          FDRE                                         r  cpu/counter/pc_reg[13]/C
  -------------------------------------------------------------------    -------------------
    SLICE_X3Y33          FDRE (Prop_fdre_C_Q)         0.141     1.614 r  cpu/counter/pc_reg[13]/Q
                         net (fo=2, routed)           0.120     1.734    cpu/counter/pc_reg[13]
    SLICE_X3Y33          CARRY4 (Prop_carry4_S[3]_O[3])
                                                      0.108     1.842 r  cpu/counter/pc_reg[10]_i_1/O[3]
                         net (fo=1, routed)           0.000     1.842    cpu/counter/pc_reg[10]_i_1_n_4
    SLICE_X3Y33          FDRE                                         r  cpu/counter/pc_reg[13]/D
  -------------------------------------------------------------------    -------------------

                         (clock sys_clk_pin rise edge)
                                                      0.000     0.000 r  
    W5                                                0.000     0.000 r  clk (IN)
                         net (fo=0)                   0.000     0.000    clk
    W5                   IBUF (Prop_ibuf_I_O)         0.414     0.414 r  clk_IBUF_inst/O
                         net (fo=1, routed)           0.685     1.099    clk_IBUF
    BUFGCTRL_X0Y0        BUFG (Prop_bufg_I_O)         0.029     1.128 r  clk_IBUF_BUFG_inst/O
                         net (fo=94, routed)          0.859     1.986    cpu/counter/CLK
    SLICE_X3Y33          FDRE                                         r  cpu/counter/pc_reg[13]/C
                         clock pessimism             -0.513     1.473    
    SLICE_X3Y33          FDRE (Hold_fdre_C_D)         0.105     1.578    cpu/counter/pc_reg[13]
  -------------------------------------------------------------------
                         required time                         -1.578    
                         arrival time                           1.842    
  -------------------------------------------------------------------
                         slack                                  0.264    

Slack (MET) :             0.264ns  (arrival time - required time)
  Source:                 cpu/counter/pc_reg[9]/C
                            (rising edge-triggered cell FDRE clocked by sys_clk_pin  {rise@0.000ns fall@5.000ns period=10.000ns})
  Destination:            cpu/counter/pc_reg[9]/D
                            (rising edge-triggered cell FDRE clocked by sys_clk_pin  {rise@0.000ns fall@5.000ns period=10.000ns})
  Path Group:             sys_clk_pin
  Path Type:              Hold (Min at Fast Process Corner)
  Requirement:            0.000ns  (sys_clk_pin rise@0.000ns - sys_clk_pin rise@0.000ns)
  Data Path Delay:        0.369ns  (logic 0.249ns (67.412%)  route 0.120ns (32.588%))
  Logic Levels:           1  (CARRY4=1)
  Clock Path Skew:        0.000ns (DCD - SCD - CPR)
    Destination Clock Delay (DCD):    1.985ns
    Source Clock Delay      (SCD):    1.472ns
    Clock Pessimism Removal (CPR):    0.513ns

    Location             Delay type                Incr(ns)  Path(ns)    Netlist Resource(s)
  -------------------------------------------------------------------    -------------------
                         (clock sys_clk_pin rise edge)
                                                      0.000     0.000 r  
    W5                                                0.000     0.000 r  clk (IN)
                         net (fo=0)                   0.000     0.000    clk
    W5                   IBUF (Prop_ibuf_I_O)         0.226     0.226 r  clk_IBUF_inst/O
                         net (fo=1, routed)           0.631     0.858    clk_IBUF
    BUFGCTRL_X0Y0        BUFG (Prop_bufg_I_O)         0.026     0.884 r  clk_IBUF_BUFG_inst/O
                         net (fo=94, routed)          0.589     1.472    cpu/counter/CLK
    SLICE_X3Y32          FDRE                                         r  cpu/counter/pc_reg[9]/C
  -------------------------------------------------------------------    -------------------
    SLICE_X3Y32          FDRE (Prop_fdre_C_Q)         0.141     1.613 r  cpu/counter/pc_reg[9]/Q
                         net (fo=2, routed)           0.120     1.733    cpu/counter/pc_reg[9]
    SLICE_X3Y32          CARRY4 (Prop_carry4_S[3]_O[3])
                                                      0.108     1.841 r  cpu/counter/pc_reg[6]_i_1/O[3]
                         net (fo=1, routed)           0.000     1.841    cpu/counter/pc_reg[6]_i_1_n_4
    SLICE_X3Y32          FDRE                                         r  cpu/counter/pc_reg[9]/D
  -------------------------------------------------------------------    -------------------

                         (clock sys_clk_pin rise edge)
                                                      0.000     0.000 r  
    W5                                                0.000     0.000 r  clk (IN)
                         net (fo=0)                   0.000     0.000    clk
    W5                   IBUF (Prop_ibuf_I_O)         0.414     0.414 r  clk_IBUF_inst/O
                         net (fo=1, routed)           0.685     1.099    clk_IBUF
    BUFGCTRL_X0Y0        BUFG (Prop_bufg_I_O)         0.029     1.128 r  clk_IBUF_BUFG_inst/O
                         net (fo=94, routed)          0.858     1.985    cpu/counter/CLK
    SLICE_X3Y32          FDRE                                         r  cpu/counter/pc_reg[9]/C
                         clock pessimism             -0.513     1.472    
    SLICE_X3Y32          FDRE (Hold_fdre_C_D)         0.105     1.577    cpu/counter/pc_reg[9]
  -------------------------------------------------------------------
                         required time                         -1.577    
                         arrival time                           1.841    
  -------------------------------------------------------------------
                         slack                                  0.264    





Pulse Width Checks
--------------------------------------------------------------------------------------
Clock Name:         sys_clk_pin
Waveform(ns):       { 0.000 5.000 }
Period(ns):         10.000
Sources:            { clk }

Check Type        Corner  Lib Pin  Reference Pin  Required(ns)  Actual(ns)  Slack(ns)  Location       Pin
Min Period        n/a     BUFG/I   n/a            2.155         10.000      7.845      BUFGCTRL_X0Y0  clk_IBUF_BUFG_inst/I
Min Period        n/a     FDRE/C   n/a            1.000         10.000      9.000      SLICE_X2Y28    cpu/core/registers/registers_reg[2][0]/C
Min Period        n/a     FDRE/C   n/a            1.000         10.000      9.000      SLICE_X2Y30    cpu/core/registers/registers_reg[2][10]/C
Min Period        n/a     FDRE/C   n/a            1.000         10.000      9.000      SLICE_X2Y30    cpu/core/registers/registers_reg[2][11]/C
Min Period        n/a     FDRE/C   n/a            1.000         10.000      9.000      SLICE_X2Y31    cpu/core/registers/registers_reg[2][12]/C
Min Period        n/a     FDRE/C   n/a            1.000         10.000      9.000      SLICE_X2Y31    cpu/core/registers/registers_reg[2][13]/C
Min Period        n/a     FDRE/C   n/a            1.000         10.000      9.000      SLICE_X2Y31    cpu/core/registers/registers_reg[2][14]/C
Min Period        n/a     FDRE/C   n/a            1.000         10.000      9.000      SLICE_X2Y31    cpu/core/registers/registers_reg[2][15]/C
Min Period        n/a     FDRE/C   n/a            1.000         10.000      9.000      SLICE_X2Y32    cpu/core/registers/registers_reg[2][16]/C
Min Period        n/a     FDRE/C   n/a            1.000         10.000      9.000      SLICE_X2Y32    cpu/core/registers/registers_reg[2][17]/C
Low Pulse Width   Slow    FDRE/C   n/a            0.500         5.000       4.500      SLICE_X2Y28    cpu/core/registers/registers_reg[2][0]/C
Low Pulse Width   Fast    FDRE/C   n/a            0.500         5.000       4.500      SLICE_X2Y28    cpu/core/registers/registers_reg[2][0]/C
Low Pulse Width   Slow    FDRE/C   n/a            0.500         5.000       4.500      SLICE_X2Y30    cpu/core/registers/registers_reg[2][10]/C
Low Pulse Width   Fast    FDRE/C   n/a            0.500         5.000       4.500      SLICE_X2Y30    cpu/core/registers/registers_reg[2][10]/C
Low Pulse Width   Slow    FDRE/C   n/a            0.500         5.000       4.500      SLICE_X2Y30    cpu/core/registers/registers_reg[2][11]/C
Low Pulse Width   Fast    FDRE/C   n/a            0.500         5.000       4.500      SLICE_X2Y30    cpu/core/registers/registers_reg[2][11]/C
Low Pulse Width   Slow    FDRE/C   n/a            0.500         5.000       4.500      SLICE_X2Y31    cpu/core/registers/registers_reg[2][12]/C
Low Pulse Width   Fast    FDRE/C   n/a            0.500         5.000       4.500      SLICE_X2Y31    cpu/core/registers/registers_reg[2][12]/C
Low Pulse Width   Slow    FDRE/C   n/a            0.500         5.000       4.500      SLICE_X2Y31    cpu/core/registers/registers_reg[2][13]/C
Low Pulse Width   Fast    FDRE/C   n/a            0.500         5.000       4.500      SLICE_X2Y31    cpu/core/registers/registers_reg[2][13]/C
High Pulse Width  Slow    FDRE/C   n/a            0.500         5.000       4.500      SLICE_X2Y28    cpu/core/registers/registers_reg[2][0]/C
High Pulse Width  Fast    FDRE/C   n/a            0.500         5.000       4.500      SLICE_X2Y28    cpu/core/registers/registers_reg[2][0]/C
High Pulse Width  Slow    FDRE/C   n/a            0.500         5.000       4.500      SLICE_X2Y30    cpu/core/registers/registers_reg[2][10]/C
High Pulse Width  Fast    FDRE/C   n/a            0.500         5.000       4.500      SLICE_X2Y30    cpu/core/registers/registers_reg[2][10]/C
High Pulse Width  Slow    FDRE/C   n/a            0.500         5.000       4.500      SLICE_X2Y30    cpu/core/registers/registers_reg[2][11]/C
High Pulse Width  Fast    FDRE/C   n/a            0.500         5.000       4.500      SLICE_X2Y30    cpu/core/registers/registers_reg[2][11]/C
High Pulse Width  Slow    FDRE/C   n/a            0.500         5.000       4.500      SLICE_X2Y31    cpu/core/registers/registers_reg[2][12]/C
High Pulse Width  Fast    FDRE/C   n/a            0.500         5.000       4.500      SLICE_X2Y31    cpu/core/registers/registers_reg[2][12]/C
High Pulse Width  Slow    FDRE/C   n/a            0.500         5.000       4.500      SLICE_X2Y31    cpu/core/registers/registers_reg[2][13]/C
High Pulse Width  Fast    FDRE/C   n/a            0.500         5.000       4.500      SLICE_X2Y31    cpu/core/registers/registers_reg[2][13]/C



--------------------------------------------------------------------------------------
Path Group:  (none)
From Clock:  sys_clk_pin
  To Clock:  

Max Delay            16 Endpoints
Min Delay            16 Endpoints
--------------------------------------------------------------------------------------


Max Delay Paths
--------------------------------------------------------------------------------------
Slack:                    inf
  Source:                 cpu/core/registers/registers_reg[3][15]/C
                            (rising edge-triggered cell FDRE clocked by sys_clk_pin  {rise@0.000ns fall@5.000ns period=10.000ns})
  Destination:            led[15]
                            (output port)
  Path Group:             (none)
  Path Type:              Max at Slow Process Corner
  Data Path Delay:        8.648ns  (logic 3.977ns (45.992%)  route 4.671ns (54.008%))
  Logic Levels:           1  (OBUF=1)
  Clock Uncertainty:      0.025ns  ((TSJ^2 + TIJ^2)^1/2 + DJ) / 2 + PE
    Total System Jitter     (TSJ):    0.050ns
    Total Input Jitter      (TIJ):    0.000ns
    Discrete Jitter          (DJ):    0.000ns
    Phase Error              (PE):    0.000ns

    Location             Delay type                Incr(ns)  Path(ns)    Netlist Resource(s)
  -------------------------------------------------------------------    -------------------
                         (clock sys_clk_pin rise edge)
                                                      0.000     0.000 r  
    W5                                                0.000     0.000 r  clk (IN)
                         net (fo=0)                   0.000     0.000    clk
    W5                   IBUF (Prop_ibuf_I_O)         1.458     1.458 r  clk_IBUF_inst/O
                         net (fo=1, routed)           1.967     3.425    clk_IBUF
    BUFGCTRL_X0Y0        BUFG (Prop_bufg_I_O)         0.096     3.521 r  clk_IBUF_BUFG_inst/O
                         net (fo=94, routed)          1.624     5.145    cpu/core/registers/CLK
    SLICE_X5Y31          FDRE                                         r  cpu/core/registers/registers_reg[3][15]/C
  -------------------------------------------------------------------    -------------------
    SLICE_X5Y31          FDRE (Prop_fdre_C_Q)         0.456     5.601 r  cpu/core/registers/registers_reg[3][15]/Q
                         net (fo=4, routed)           4.671    10.272    led_OBUF[15]
    L1                   OBUF (Prop_obuf_I_O)         3.521    13.793 r  led_OBUF[15]_inst/O
                         net (fo=0)                   0.000    13.793    led[15]
    L1                                                                r  led[15] (OUT)
  -------------------------------------------------------------------    -------------------

Slack:                    inf
  Source:                 cpu/core/registers/registers_reg[3][12]/C
                            (rising edge-triggered cell FDRE clocked by sys_clk_pin  {rise@0.000ns fall@5.000ns period=10.000ns})
  Destination:            led[12]
                            (output port)
  Path Group:             (none)
  Path Type:              Max at Slow Process Corner
  Data Path Delay:        8.622ns  (logic 3.974ns (46.090%)  route 4.648ns (53.910%))
  Logic Levels:           1  (OBUF=1)
  Clock Uncertainty:      0.025ns  ((TSJ^2 + TIJ^2)^1/2 + DJ) / 2 + PE
    Total System Jitter     (TSJ):    0.050ns
    Total Input Jitter      (TIJ):    0.000ns
    Discrete Jitter          (DJ):    0.000ns
    Phase Error              (PE):    0.000ns

    Location             Delay type                Incr(ns)  Path(ns)    Netlist Resource(s)
  -------------------------------------------------------------------    -------------------
                         (clock sys_clk_pin rise edge)
                                                      0.000     0.000 r  
    W5                                                0.000     0.000 r  clk (IN)
                         net (fo=0)                   0.000     0.000    clk
    W5                   IBUF (Prop_ibuf_I_O)         1.458     1.458 r  clk_IBUF_inst/O
                         net (fo=1, routed)           1.967     3.425    clk_IBUF
    BUFGCTRL_X0Y0        BUFG (Prop_bufg_I_O)         0.096     3.521 r  clk_IBUF_BUFG_inst/O
                         net (fo=94, routed)          1.624     5.145    cpu/core/registers/CLK
    SLICE_X5Y31          FDRE                                         r  cpu/core/registers/registers_reg[3][12]/C
  -------------------------------------------------------------------    -------------------
    SLICE_X5Y31          FDRE (Prop_fdre_C_Q)         0.456     5.601 r  cpu/core/registers/registers_reg[3][12]/Q
                         net (fo=4, routed)           4.648    10.250    led_OBUF[12]
    P3                   OBUF (Prop_obuf_I_O)         3.518    13.768 r  led_OBUF[12]_inst/O
                         net (fo=0)                   0.000    13.768    led[12]
    P3                                                                r  led[12] (OUT)
  -------------------------------------------------------------------    -------------------

Slack:                    inf
  Source:                 cpu/core/registers/registers_reg[3][13]/C
                            (rising edge-triggered cell FDRE clocked by sys_clk_pin  {rise@0.000ns fall@5.000ns period=10.000ns})
  Destination:            led[13]
                            (output port)
  Path Group:             (none)
  Path Type:              Max at Slow Process Corner
  Data Path Delay:        8.601ns  (logic 3.963ns (46.080%)  route 4.638ns (53.920%))
  Logic Levels:           1  (OBUF=1)
  Clock Uncertainty:      0.025ns  ((TSJ^2 + TIJ^2)^1/2 + DJ) / 2 + PE
    Total System Jitter     (TSJ):    0.050ns
    Total Input Jitter      (TIJ):    0.000ns
    Discrete Jitter          (DJ):    0.000ns
    Phase Error              (PE):    0.000ns

    Location             Delay type                Incr(ns)  Path(ns)    Netlist Resource(s)
  -------------------------------------------------------------------    -------------------
                         (clock sys_clk_pin rise edge)
                                                      0.000     0.000 r  
    W5                                                0.000     0.000 r  clk (IN)
                         net (fo=0)                   0.000     0.000    clk
    W5                   IBUF (Prop_ibuf_I_O)         1.458     1.458 r  clk_IBUF_inst/O
                         net (fo=1, routed)           1.967     3.425    clk_IBUF
    BUFGCTRL_X0Y0        BUFG (Prop_bufg_I_O)         0.096     3.521 r  clk_IBUF_BUFG_inst/O
                         net (fo=94, routed)          1.624     5.145    cpu/core/registers/CLK
    SLICE_X5Y31          FDRE                                         r  cpu/core/registers/registers_reg[3][13]/C
  -------------------------------------------------------------------    -------------------
    SLICE_X5Y31          FDRE (Prop_fdre_C_Q)         0.456     5.601 r  cpu/core/registers/registers_reg[3][13]/Q
                         net (fo=4, routed)           4.638    10.239    led_OBUF[13]
    N3                   OBUF (Prop_obuf_I_O)         3.507    13.746 r  led_OBUF[13]_inst/O
                         net (fo=0)                   0.000    13.746    led[13]
    N3                                                                r  led[13] (OUT)
  -------------------------------------------------------------------    -------------------

Slack:                    inf
  Source:                 cpu/core/registers/registers_reg[3][14]/C
                            (rising edge-triggered cell FDRE clocked by sys_clk_pin  {rise@0.000ns fall@5.000ns period=10.000ns})
  Destination:            led[14]
                            (output port)
  Path Group:             (none)
  Path Type:              Max at Slow Process Corner
  Data Path Delay:        8.306ns  (logic 3.971ns (47.814%)  route 4.334ns (52.186%))
  Logic Levels:           1  (OBUF=1)
  Clock Uncertainty:      0.025ns  ((TSJ^2 + TIJ^2)^1/2 + DJ) / 2 + PE
    Total System Jitter     (TSJ):    0.050ns
    Total Input Jitter      (TIJ):    0.000ns
    Discrete Jitter          (DJ):    0.000ns
    Phase Error              (PE):    0.000ns

    Location             Delay type                Incr(ns)  Path(ns)    Netlist Resource(s)
  -------------------------------------------------------------------    -------------------
                         (clock sys_clk_pin rise edge)
                                                      0.000     0.000 r  
    W5                                                0.000     0.000 r  clk (IN)
                         net (fo=0)                   0.000     0.000    clk
    W5                   IBUF (Prop_ibuf_I_O)         1.458     1.458 r  clk_IBUF_inst/O
                         net (fo=1, routed)           1.967     3.425    clk_IBUF
    BUFGCTRL_X0Y0        BUFG (Prop_bufg_I_O)         0.096     3.521 r  clk_IBUF_BUFG_inst/O
                         net (fo=94, routed)          1.624     5.145    cpu/core/registers/CLK
    SLICE_X5Y31          FDRE                                         r  cpu/core/registers/registers_reg[3][14]/C
  -------------------------------------------------------------------    -------------------
    SLICE_X5Y31          FDRE (Prop_fdre_C_Q)         0.456     5.601 r  cpu/core/registers/registers_reg[3][14]/Q
                         net (fo=4, routed)           4.334     9.936    led_OBUF[14]
    P1                   OBUF (Prop_obuf_I_O)         3.515    13.451 r  led_OBUF[14]_inst/O
                         net (fo=0)                   0.000    13.451    led[14]
    P1                                                                r  led[14] (OUT)
  -------------------------------------------------------------------    -------------------

Slack:                    inf
  Source:                 cpu/core/registers/registers_reg[3][10]/C
                            (rising edge-triggered cell FDRE clocked by sys_clk_pin  {rise@0.000ns fall@5.000ns period=10.000ns})
  Destination:            led[10]
                            (output port)
  Path Group:             (none)
  Path Type:              Max at Slow Process Corner
  Data Path Delay:        7.815ns  (logic 3.981ns (50.945%)  route 3.834ns (49.055%))
  Logic Levels:           1  (OBUF=1)
  Clock Uncertainty:      0.025ns  ((TSJ^2 + TIJ^2)^1/2 + DJ) / 2 + PE
    Total System Jitter     (TSJ):    0.050ns
    Total Input Jitter      (TIJ):    0.000ns
    Discrete Jitter          (DJ):    0.000ns
    Phase Error              (PE):    0.000ns

    Location             Delay type                Incr(ns)  Path(ns)    Netlist Resource(s)
  -------------------------------------------------------------------    -------------------
                         (clock sys_clk_pin rise edge)
                                                      0.000     0.000 r  
    W5                                                0.000     0.000 r  clk (IN)
                         net (fo=0)                   0.000     0.000    clk
    W5                   IBUF (Prop_ibuf_I_O)         1.458     1.458 r  clk_IBUF_inst/O
                         net (fo=1, routed)           1.967     3.425    clk_IBUF
    BUFGCTRL_X0Y0        BUFG (Prop_bufg_I_O)         0.096     3.521 r  clk_IBUF_BUFG_inst/O
                         net (fo=94, routed)          1.626     5.147    cpu/core/registers/CLK
    SLICE_X3Y30          FDRE                                         r  cpu/core/registers/registers_reg[3][10]/C
  -------------------------------------------------------------------    -------------------
    SLICE_X3Y30          FDRE (Prop_fdre_C_Q)         0.456     5.603 r  cpu/core/registers/registers_reg[3][10]/Q
                         net (fo=4, routed)           3.834     9.437    led_OBUF[10]
    W3                   OBUF (Prop_obuf_I_O)         3.525    12.962 r  led_OBUF[10]_inst/O
                         net (fo=0)                   0.000    12.962    led[10]
    W3                                                                r  led[10] (OUT)
  -------------------------------------------------------------------    -------------------

Slack:                    inf
  Source:                 cpu/core/registers/registers_reg[3][11]/C
                            (rising edge-triggered cell FDRE clocked by sys_clk_pin  {rise@0.000ns fall@5.000ns period=10.000ns})
  Destination:            led[11]
                            (output port)
  Path Group:             (none)
  Path Type:              Max at Slow Process Corner
  Data Path Delay:        7.445ns  (logic 3.960ns (53.184%)  route 3.486ns (46.816%))
  Logic Levels:           1  (OBUF=1)
  Clock Uncertainty:      0.025ns  ((TSJ^2 + TIJ^2)^1/2 + DJ) / 2 + PE
    Total System Jitter     (TSJ):    0.050ns
    Total Input Jitter      (TIJ):    0.000ns
    Discrete Jitter          (DJ):    0.000ns
    Phase Error              (PE):    0.000ns

    Location             Delay type                Incr(ns)  Path(ns)    Netlist Resource(s)
  -------------------------------------------------------------------    -------------------
                         (clock sys_clk_pin rise edge)
                                                      0.000     0.000 r  
    W5                                                0.000     0.000 r  clk (IN)
                         net (fo=0)                   0.000     0.000    clk
    W5                   IBUF (Prop_ibuf_I_O)         1.458     1.458 r  clk_IBUF_inst/O
                         net (fo=1, routed)           1.967     3.425    clk_IBUF
    BUFGCTRL_X0Y0        BUFG (Prop_bufg_I_O)         0.096     3.521 r  clk_IBUF_BUFG_inst/O
                         net (fo=94, routed)          1.626     5.147    cpu/core/registers/CLK
    SLICE_X3Y30          FDRE                                         r  cpu/core/registers/registers_reg[3][11]/C
  -------------------------------------------------------------------    -------------------
    SLICE_X3Y30          FDRE (Prop_fdre_C_Q)         0.456     5.603 r  cpu/core/registers/registers_reg[3][11]/Q
                         net (fo=4, routed)           3.486     9.089    led_OBUF[11]
    U3                   OBUF (Prop_obuf_I_O)         3.504    12.593 r  led_OBUF[11]_inst/O
                         net (fo=0)                   0.000    12.593    led[11]
    U3                                                                r  led[11] (OUT)
  -------------------------------------------------------------------    -------------------

Slack:                    inf
  Source:                 cpu/core/registers/registers_reg[3][9]/C
                            (rising edge-triggered cell FDRE clocked by sys_clk_pin  {rise@0.000ns fall@5.000ns period=10.000ns})
  Destination:            led[9]
                            (output port)
  Path Group:             (none)
  Path Type:              Max at Slow Process Corner
  Data Path Delay:        7.131ns  (logic 3.964ns (55.594%)  route 3.166ns (44.406%))
  Logic Levels:           1  (OBUF=1)
  Clock Uncertainty:      0.025ns  ((TSJ^2 + TIJ^2)^1/2 + DJ) / 2 + PE
    Total System Jitter     (TSJ):    0.050ns
    Total Input Jitter      (TIJ):    0.000ns
    Discrete Jitter          (DJ):    0.000ns
    Phase Error              (PE):    0.000ns

    Location             Delay type                Incr(ns)  Path(ns)    Netlist Resource(s)
  -------------------------------------------------------------------    -------------------
                         (clock sys_clk_pin rise edge)
                                                      0.000     0.000 r  
    W5                                                0.000     0.000 r  clk (IN)
                         net (fo=0)                   0.000     0.000    clk
    W5                   IBUF (Prop_ibuf_I_O)         1.458     1.458 r  clk_IBUF_inst/O
                         net (fo=1, routed)           1.967     3.425    clk_IBUF
    BUFGCTRL_X0Y0        BUFG (Prop_bufg_I_O)         0.096     3.521 r  clk_IBUF_BUFG_inst/O
                         net (fo=94, routed)          1.626     5.147    cpu/core/registers/CLK
    SLICE_X3Y30          FDRE                                         r  cpu/core/registers/registers_reg[3][9]/C
  -------------------------------------------------------------------    -------------------
    SLICE_X3Y30          FDRE (Prop_fdre_C_Q)         0.456     5.603 r  cpu/core/registers/registers_reg[3][9]/Q
                         net (fo=4, routed)           3.166     8.770    led_OBUF[9]
    V3                   OBUF (Prop_obuf_I_O)         3.508    12.278 r  led_OBUF[9]_inst/O
                         net (fo=0)                   0.000    12.278    led[9]
    V3                                                                r  led[9] (OUT)
  -------------------------------------------------------------------    -------------------

Slack:                    inf
  Source:                 cpu/core/registers/registers_reg[3][7]/C
                            (rising edge-triggered cell FDRE clocked by sys_clk_pin  {rise@0.000ns fall@5.000ns period=10.000ns})
  Destination:            led[7]
                            (output port)
  Path Group:             (none)
  Path Type:              Max at Slow Process Corner
  Data Path Delay:        6.714ns  (logic 3.957ns (58.934%)  route 2.757ns (41.066%))
  Logic Levels:           1  (OBUF=1)
  Clock Uncertainty:      0.025ns  ((TSJ^2 + TIJ^2)^1/2 + DJ) / 2 + PE
    Total System Jitter     (TSJ):    0.050ns
    Total Input Jitter      (TIJ):    0.000ns
    Discrete Jitter          (DJ):    0.000ns
    Phase Error              (PE):    0.000ns

    Location             Delay type                Incr(ns)  Path(ns)    Netlist Resource(s)
  -------------------------------------------------------------------    -------------------
                         (clock sys_clk_pin rise edge)
                                                      0.000     0.000 r  
    W5                                                0.000     0.000 r  clk (IN)
                         net (fo=0)                   0.000     0.000    clk
    W5                   IBUF (Prop_ibuf_I_O)         1.458     1.458 r  clk_IBUF_inst/O
                         net (fo=1, routed)           1.967     3.425    clk_IBUF
    BUFGCTRL_X0Y0        BUFG (Prop_bufg_I_O)         0.096     3.521 r  clk_IBUF_BUFG_inst/O
                         net (fo=94, routed)          1.625     5.146    cpu/core/registers/CLK
    SLICE_X3Y29          FDRE                                         r  cpu/core/registers/registers_reg[3][7]/C
  -------------------------------------------------------------------    -------------------
    SLICE_X3Y29          FDRE (Prop_fdre_C_Q)         0.456     5.602 r  cpu/core/registers/registers_reg[3][7]/Q
                         net (fo=4, routed)           2.757     8.359    led_OBUF[7]
    V14                  OBUF (Prop_obuf_I_O)         3.501    11.860 r  led_OBUF[7]_inst/O
                         net (fo=0)                   0.000    11.860    led[7]
    V14                                                               r  led[7] (OUT)
  -------------------------------------------------------------------    -------------------

Slack:                    inf
  Source:                 cpu/core/registers/registers_reg[3][6]/C
                            (rising edge-triggered cell FDRE clocked by sys_clk_pin  {rise@0.000ns fall@5.000ns period=10.000ns})
  Destination:            led[6]
                            (output port)
  Path Group:             (none)
  Path Type:              Max at Slow Process Corner
  Data Path Delay:        6.685ns  (logic 3.962ns (59.270%)  route 2.723ns (40.730%))
  Logic Levels:           1  (OBUF=1)
  Clock Uncertainty:      0.025ns  ((TSJ^2 + TIJ^2)^1/2 + DJ) / 2 + PE
    Total System Jitter     (TSJ):    0.050ns
    Total Input Jitter      (TIJ):    0.000ns
    Discrete Jitter          (DJ):    0.000ns
    Phase Error              (PE):    0.000ns

    Location             Delay type                Incr(ns)  Path(ns)    Netlist Resource(s)
  -------------------------------------------------------------------    -------------------
                         (clock sys_clk_pin rise edge)
                                                      0.000     0.000 r  
    W5                                                0.000     0.000 r  clk (IN)
                         net (fo=0)                   0.000     0.000    clk
    W5                   IBUF (Prop_ibuf_I_O)         1.458     1.458 r  clk_IBUF_inst/O
                         net (fo=1, routed)           1.967     3.425    clk_IBUF
    BUFGCTRL_X0Y0        BUFG (Prop_bufg_I_O)         0.096     3.521 r  clk_IBUF_BUFG_inst/O
                         net (fo=94, routed)          1.625     5.146    cpu/core/registers/CLK
    SLICE_X3Y29          FDRE                                         r  cpu/core/registers/registers_reg[3][6]/C
  -------------------------------------------------------------------    -------------------
    SLICE_X3Y29          FDRE (Prop_fdre_C_Q)         0.456     5.602 r  cpu/core/registers/registers_reg[3][6]/Q
                         net (fo=4, routed)           2.723     8.325    led_OBUF[6]
    U14                  OBUF (Prop_obuf_I_O)         3.506    11.831 r  led_OBUF[6]_inst/O
                         net (fo=0)                   0.000    11.831    led[6]
    U14                                                               r  led[6] (OUT)
  -------------------------------------------------------------------    -------------------

Slack:                    inf
  Source:                 cpu/core/registers/registers_reg[3][8]/C
                            (rising edge-triggered cell FDRE clocked by sys_clk_pin  {rise@0.000ns fall@5.000ns period=10.000ns})
  Destination:            led[8]
                            (output port)
  Path Group:             (none)
  Path Type:              Max at Slow Process Corner
  Data Path Delay:        6.541ns  (logic 3.960ns (60.538%)  route 2.581ns (39.462%))
  Logic Levels:           1  (OBUF=1)
  Clock Uncertainty:      0.025ns  ((TSJ^2 + TIJ^2)^1/2 + DJ) / 2 + PE
    Total System Jitter     (TSJ):    0.050ns
    Total Input Jitter      (TIJ):    0.000ns
    Discrete Jitter          (DJ):    0.000ns
    Phase Error              (PE):    0.000ns

    Location             Delay type                Incr(ns)  Path(ns)    Netlist Resource(s)
  -------------------------------------------------------------------    -------------------
                         (clock sys_clk_pin rise edge)
                                                      0.000     0.000 r  
    W5                                                0.000     0.000 r  clk (IN)
                         net (fo=0)                   0.000     0.000    clk
    W5                   IBUF (Prop_ibuf_I_O)         1.458     1.458 r  clk_IBUF_inst/O
                         net (fo=1, routed)           1.967     3.425    clk_IBUF
    BUFGCTRL_X0Y0        BUFG (Prop_bufg_I_O)         0.096     3.521 r  clk_IBUF_BUFG_inst/O
                         net (fo=94, routed)          1.626     5.147    cpu/core/registers/CLK
    SLICE_X3Y30          FDRE                                         r  cpu/core/registers/registers_reg[3][8]/C
  -------------------------------------------------------------------    -------------------
    SLICE_X3Y30          FDRE (Prop_fdre_C_Q)         0.456     5.603 r  cpu/core/registers/registers_reg[3][8]/Q
                         net (fo=4, routed)           2.581     8.185    led_OBUF[8]
    V13                  OBUF (Prop_obuf_I_O)         3.504    11.689 r  led_OBUF[8]_inst/O
                         net (fo=0)                   0.000    11.689    led[8]
    V13                                                               r  led[8] (OUT)
  -------------------------------------------------------------------    -------------------





Min Delay Paths
--------------------------------------------------------------------------------------
Slack:                    inf
  Source:                 cpu/core/registers/registers_reg[3][2]/C
                            (rising edge-triggered cell FDRE clocked by sys_clk_pin  {rise@0.000ns fall@5.000ns period=10.000ns})
  Destination:            led[2]
                            (output port)
  Path Group:             (none)
  Path Type:              Min at Fast Process Corner
  Data Path Delay:        1.855ns  (logic 1.343ns (72.415%)  route 0.512ns (27.585%))
  Logic Levels:           1  (OBUF=1)
  Clock Uncertainty:      0.025ns  ((TSJ^2 + TIJ^2)^1/2 + DJ) / 2 + PE
    Total System Jitter     (TSJ):    0.050ns
    Total Input Jitter      (TIJ):    0.000ns
    Discrete Jitter          (DJ):    0.000ns
    Phase Error              (PE):    0.000ns

    Location             Delay type                Incr(ns)  Path(ns)    Netlist Resource(s)
  -------------------------------------------------------------------    -------------------
                         (clock sys_clk_pin rise edge)
                                                      0.000     0.000 r  
    W5                                                0.000     0.000 r  clk (IN)
                         net (fo=0)                   0.000     0.000    clk
    W5                   IBUF (Prop_ibuf_I_O)         0.226     0.226 r  clk_IBUF_inst/O
                         net (fo=1, routed)           0.631     0.858    clk_IBUF
    BUFGCTRL_X0Y0        BUFG (Prop_bufg_I_O)         0.026     0.884 r  clk_IBUF_BUFG_inst/O
                         net (fo=94, routed)          0.585     1.468    cpu/core/registers/CLK
    SLICE_X3Y28          FDRE                                         r  cpu/core/registers/registers_reg[3][2]/C
  -------------------------------------------------------------------    -------------------
    SLICE_X3Y28          FDRE (Prop_fdre_C_Q)         0.141     1.609 r  cpu/core/registers/registers_reg[3][2]/Q
                         net (fo=4, routed)           0.512     2.121    led_OBUF[2]
    U19                  OBUF (Prop_obuf_I_O)         1.202     3.323 r  led_OBUF[2]_inst/O
                         net (fo=0)                   0.000     3.323    led[2]
    U19                                                               r  led[2] (OUT)
  -------------------------------------------------------------------    -------------------

Slack:                    inf
  Source:                 cpu/core/registers/registers_reg[3][4]/C
                            (rising edge-triggered cell FDRE clocked by sys_clk_pin  {rise@0.000ns fall@5.000ns period=10.000ns})
  Destination:            led[4]
                            (output port)
  Path Group:             (none)
  Path Type:              Min at Fast Process Corner
  Data Path Delay:        1.881ns  (logic 1.351ns (71.803%)  route 0.530ns (28.197%))
  Logic Levels:           1  (OBUF=1)
  Clock Uncertainty:      0.025ns  ((TSJ^2 + TIJ^2)^1/2 + DJ) / 2 + PE
    Total System Jitter     (TSJ):    0.050ns
    Total Input Jitter      (TIJ):    0.000ns
    Discrete Jitter          (DJ):    0.000ns
    Phase Error              (PE):    0.000ns

    Location             Delay type                Incr(ns)  Path(ns)    Netlist Resource(s)
  -------------------------------------------------------------------    -------------------
                         (clock sys_clk_pin rise edge)
                                                      0.000     0.000 r  
    W5                                                0.000     0.000 r  clk (IN)
                         net (fo=0)                   0.000     0.000    clk
    W5                   IBUF (Prop_ibuf_I_O)         0.226     0.226 r  clk_IBUF_inst/O
                         net (fo=1, routed)           0.631     0.858    clk_IBUF
    BUFGCTRL_X0Y0        BUFG (Prop_bufg_I_O)         0.026     0.884 r  clk_IBUF_BUFG_inst/O
                         net (fo=94, routed)          0.586     1.469    cpu/core/registers/CLK
    SLICE_X3Y29          FDRE                                         r  cpu/core/registers/registers_reg[3][4]/C
  -------------------------------------------------------------------    -------------------
    SLICE_X3Y29          FDRE (Prop_fdre_C_Q)         0.141     1.610 r  cpu/core/registers/registers_reg[3][4]/Q
                         net (fo=4, routed)           0.530     2.141    led_OBUF[4]
    W18                  OBUF (Prop_obuf_I_O)         1.210     3.350 r  led_OBUF[4]_inst/O
                         net (fo=0)                   0.000     3.350    led[4]
    W18                                                               r  led[4] (OUT)
  -------------------------------------------------------------------    -------------------

Slack:                    inf
  Source:                 cpu/core/registers/registers_reg[3][1]/C
                            (rising edge-triggered cell FDRE clocked by sys_clk_pin  {rise@0.000ns fall@5.000ns period=10.000ns})
  Destination:            led[1]
                            (output port)
  Path Group:             (none)
  Path Type:              Min at Fast Process Corner
  Data Path Delay:        1.941ns  (logic 1.372ns (70.672%)  route 0.569ns (29.328%))
  Logic Levels:           1  (OBUF=1)
  Clock Uncertainty:      0.025ns  ((TSJ^2 + TIJ^2)^1/2 + DJ) / 2 + PE
    Total System Jitter     (TSJ):    0.050ns
    Total Input Jitter      (TIJ):    0.000ns
    Discrete Jitter          (DJ):    0.000ns
    Phase Error              (PE):    0.000ns

    Location             Delay type                Incr(ns)  Path(ns)    Netlist Resource(s)
  -------------------------------------------------------------------    -------------------
                         (clock sys_clk_pin rise edge)
                                                      0.000     0.000 r  
    W5                                                0.000     0.000 r  clk (IN)
                         net (fo=0)                   0.000     0.000    clk
    W5                   IBUF (Prop_ibuf_I_O)         0.226     0.226 r  clk_IBUF_inst/O
                         net (fo=1, routed)           0.631     0.858    clk_IBUF
    BUFGCTRL_X0Y0        BUFG (Prop_bufg_I_O)         0.026     0.884 r  clk_IBUF_BUFG_inst/O
                         net (fo=94, routed)          0.585     1.468    cpu/core/registers/CLK
    SLICE_X3Y28          FDRE                                         r  cpu/core/registers/registers_reg[3][1]/C
  -------------------------------------------------------------------    -------------------
    SLICE_X3Y28          FDRE (Prop_fdre_C_Q)         0.141     1.609 r  cpu/core/registers/registers_reg[3][1]/Q
                         net (fo=4, routed)           0.569     2.178    led_OBUF[1]
    E19                  OBUF (Prop_obuf_I_O)         1.231     3.409 r  led_OBUF[1]_inst/O
                         net (fo=0)                   0.000     3.409    led[1]
    E19                                                               r  led[1] (OUT)
  -------------------------------------------------------------------    -------------------

Slack:                    inf
  Source:                 cpu/core/registers/registers_reg[3][3]/C
                            (rising edge-triggered cell FDRE clocked by sys_clk_pin  {rise@0.000ns fall@5.000ns period=10.000ns})
  Destination:            led[3]
                            (output port)
  Path Group:             (none)
  Path Type:              Min at Fast Process Corner
  Data Path Delay:        1.960ns  (logic 1.351ns (68.940%)  route 0.609ns (31.060%))
  Logic Levels:           1  (OBUF=1)
  Clock Uncertainty:      0.025ns  ((TSJ^2 + TIJ^2)^1/2 + DJ) / 2 + PE
    Total System Jitter     (TSJ):    0.050ns
    Total Input Jitter      (TIJ):    0.000ns
    Discrete Jitter          (DJ):    0.000ns
    Phase Error              (PE):    0.000ns

    Location             Delay type                Incr(ns)  Path(ns)    Netlist Resource(s)
  -------------------------------------------------------------------    -------------------
                         (clock sys_clk_pin rise edge)
                                                      0.000     0.000 r  
    W5                                                0.000     0.000 r  clk (IN)
                         net (fo=0)                   0.000     0.000    clk
    W5                   IBUF (Prop_ibuf_I_O)         0.226     0.226 r  clk_IBUF_inst/O
                         net (fo=1, routed)           0.631     0.858    clk_IBUF
    BUFGCTRL_X0Y0        BUFG (Prop_bufg_I_O)         0.026     0.884 r  clk_IBUF_BUFG_inst/O
                         net (fo=94, routed)          0.585     1.468    cpu/core/registers/CLK
    SLICE_X3Y28          FDRE                                         r  cpu/core/registers/registers_reg[3][3]/C
  -------------------------------------------------------------------    -------------------
    SLICE_X3Y28          FDRE (Prop_fdre_C_Q)         0.141     1.609 r  cpu/core/registers/registers_reg[3][3]/Q
                         net (fo=4, routed)           0.609     2.218    led_OBUF[3]
    V19                  OBUF (Prop_obuf_I_O)         1.210     3.428 r  led_OBUF[3]_inst/O
                         net (fo=0)                   0.000     3.428    led[3]
    V19                                                               r  led[3] (OUT)
  -------------------------------------------------------------------    -------------------

Slack:                    inf
  Source:                 cpu/core/registers/registers_reg[3][5]/C
                            (rising edge-triggered cell FDRE clocked by sys_clk_pin  {rise@0.000ns fall@5.000ns period=10.000ns})
  Destination:            led[5]
                            (output port)
  Path Group:             (none)
  Path Type:              Min at Fast Process Corner
  Data Path Delay:        2.060ns  (logic 1.357ns (65.856%)  route 0.703ns (34.144%))
  Logic Levels:           1  (OBUF=1)
  Clock Uncertainty:      0.025ns  ((TSJ^2 + TIJ^2)^1/2 + DJ) / 2 + PE
    Total System Jitter     (TSJ):    0.050ns
    Total Input Jitter      (TIJ):    0.000ns
    Discrete Jitter          (DJ):    0.000ns
    Phase Error              (PE):    0.000ns

    Location             Delay type                Incr(ns)  Path(ns)    Netlist Resource(s)
  -------------------------------------------------------------------    -------------------
                         (clock sys_clk_pin rise edge)
                                                      0.000     0.000 r  
    W5                                                0.000     0.000 r  clk (IN)
                         net (fo=0)                   0.000     0.000    clk
    W5                   IBUF (Prop_ibuf_I_O)         0.226     0.226 r  clk_IBUF_inst/O
                         net (fo=1, routed)           0.631     0.858    clk_IBUF
    BUFGCTRL_X0Y0        BUFG (Prop_bufg_I_O)         0.026     0.884 r  clk_IBUF_BUFG_inst/O
                         net (fo=94, routed)          0.586     1.469    cpu/core/registers/CLK
    SLICE_X3Y29          FDRE                                         r  cpu/core/registers/registers_reg[3][5]/C
  -------------------------------------------------------------------    -------------------
    SLICE_X3Y29          FDRE (Prop_fdre_C_Q)         0.141     1.610 r  cpu/core/registers/registers_reg[3][5]/Q
                         net (fo=4, routed)           0.703     2.313    led_OBUF[5]
    U15                  OBUF (Prop_obuf_I_O)         1.216     3.529 r  led_OBUF[5]_inst/O
                         net (fo=0)                   0.000     3.529    led[5]
    U15                                                               r  led[5] (OUT)
  -------------------------------------------------------------------    -------------------

Slack:                    inf
  Source:                 cpu/core/registers/registers_reg[3][0]/C
                            (rising edge-triggered cell FDRE clocked by sys_clk_pin  {rise@0.000ns fall@5.000ns period=10.000ns})
  Destination:            led[0]
                            (output port)
  Path Group:             (none)
  Path Type:              Min at Fast Process Corner
  Data Path Delay:        2.068ns  (logic 1.347ns (65.139%)  route 0.721ns (34.861%))
  Logic Levels:           1  (OBUF=1)
  Clock Uncertainty:      0.025ns  ((TSJ^2 + TIJ^2)^1/2 + DJ) / 2 + PE
    Total System Jitter     (TSJ):    0.050ns
    Total Input Jitter      (TIJ):    0.000ns
    Discrete Jitter          (DJ):    0.000ns
    Phase Error              (PE):    0.000ns

    Location             Delay type                Incr(ns)  Path(ns)    Netlist Resource(s)
  -------------------------------------------------------------------    -------------------
                         (clock sys_clk_pin rise edge)
                                                      0.000     0.000 r  
    W5                                                0.000     0.000 r  clk (IN)
                         net (fo=0)                   0.000     0.000    clk
    W5                   IBUF (Prop_ibuf_I_O)         0.226     0.226 r  clk_IBUF_inst/O
                         net (fo=1, routed)           0.631     0.858    clk_IBUF
    BUFGCTRL_X0Y0        BUFG (Prop_bufg_I_O)         0.026     0.884 r  clk_IBUF_BUFG_inst/O
                         net (fo=94, routed)          0.585     1.468    cpu/core/registers/CLK
    SLICE_X3Y28          FDRE                                         r  cpu/core/registers/registers_reg[3][0]/C
  -------------------------------------------------------------------    -------------------
    SLICE_X3Y28          FDRE (Prop_fdre_C_Q)         0.141     1.609 r  cpu/core/registers/registers_reg[3][0]/Q
                         net (fo=4, routed)           0.721     2.330    led_OBUF[0]
    U16                  OBUF (Prop_obuf_I_O)         1.206     3.536 r  led_OBUF[0]_inst/O
                         net (fo=0)                   0.000     3.536    led[0]
    U16                                                               r  led[0] (OUT)
  -------------------------------------------------------------------    -------------------

Slack:                    inf
  Source:                 cpu/core/registers/registers_reg[3][8]/C
                            (rising edge-triggered cell FDRE clocked by sys_clk_pin  {rise@0.000ns fall@5.000ns period=10.000ns})
  Destination:            led[8]
                            (output port)
  Path Group:             (none)
  Path Type:              Min at Fast Process Corner
  Data Path Delay:        2.096ns  (logic 1.346ns (64.238%)  route 0.749ns (35.762%))
  Logic Levels:           1  (OBUF=1)
  Clock Uncertainty:      0.025ns  ((TSJ^2 + TIJ^2)^1/2 + DJ) / 2 + PE
    Total System Jitter     (TSJ):    0.050ns
    Total Input Jitter      (TIJ):    0.000ns
    Discrete Jitter          (DJ):    0.000ns
    Phase Error              (PE):    0.000ns

    Location             Delay type                Incr(ns)  Path(ns)    Netlist Resource(s)
  -------------------------------------------------------------------    -------------------
                         (clock sys_clk_pin rise edge)
                                                      0.000     0.000 r  
    W5                                                0.000     0.000 r  clk (IN)
                         net (fo=0)                   0.000     0.000    clk
    W5                   IBUF (Prop_ibuf_I_O)         0.226     0.226 r  clk_IBUF_inst/O
                         net (fo=1, routed)           0.631     0.858    clk_IBUF
    BUFGCTRL_X0Y0        BUFG (Prop_bufg_I_O)         0.026     0.884 r  clk_IBUF_BUFG_inst/O
                         net (fo=94, routed)          0.587     1.470    cpu/core/registers/CLK
    SLICE_X3Y30          FDRE                                         r  cpu/core/registers/registers_reg[3][8]/C
  -------------------------------------------------------------------    -------------------
    SLICE_X3Y30          FDRE (Prop_fdre_C_Q)         0.141     1.611 r  cpu/core/registers/registers_reg[3][8]/Q
                         net (fo=4, routed)           0.749     2.361    led_OBUF[8]
    V13                  OBUF (Prop_obuf_I_O)         1.205     3.566 r  led_OBUF[8]_inst/O
                         net (fo=0)                   0.000     3.566    led[8]
    V13                                                               r  led[8] (OUT)
  -------------------------------------------------------------------    -------------------

Slack:                    inf
  Source:                 cpu/core/registers/registers_reg[3][7]/C
                            (rising edge-triggered cell FDRE clocked by sys_clk_pin  {rise@0.000ns fall@5.000ns period=10.000ns})
  Destination:            led[7]
                            (output port)
  Path Group:             (none)
  Path Type:              Min at Fast Process Corner
  Data Path Delay:        2.106ns  (logic 1.343ns (63.767%)  route 0.763ns (36.233%))
  Logic Levels:           1  (OBUF=1)
  Clock Uncertainty:      0.025ns  ((TSJ^2 + TIJ^2)^1/2 + DJ) / 2 + PE
    Total System Jitter     (TSJ):    0.050ns
    Total Input Jitter      (TIJ):    0.000ns
    Discrete Jitter          (DJ):    0.000ns
    Phase Error              (PE):    0.000ns

    Location             Delay type                Incr(ns)  Path(ns)    Netlist Resource(s)
  -------------------------------------------------------------------    -------------------
                         (clock sys_clk_pin rise edge)
                                                      0.000     0.000 r  
    W5                                                0.000     0.000 r  clk (IN)
                         net (fo=0)                   0.000     0.000    clk
    W5                   IBUF (Prop_ibuf_I_O)         0.226     0.226 r  clk_IBUF_inst/O
                         net (fo=1, routed)           0.631     0.858    clk_IBUF
    BUFGCTRL_X0Y0        BUFG (Prop_bufg_I_O)         0.026     0.884 r  clk_IBUF_BUFG_inst/O
                         net (fo=94, routed)          0.586     1.469    cpu/core/registers/CLK
    SLICE_X3Y29          FDRE                                         r  cpu/core/registers/registers_reg[3][7]/C
  -------------------------------------------------------------------    -------------------
    SLICE_X3Y29          FDRE (Prop_fdre_C_Q)         0.141     1.610 r  cpu/core/registers/registers_reg[3][7]/Q
                         net (fo=4, routed)           0.763     2.373    led_OBUF[7]
    V14                  OBUF (Prop_obuf_I_O)         1.202     3.575 r  led_OBUF[7]_inst/O
                         net (fo=0)                   0.000     3.575    led[7]
    V14                                                               r  led[7] (OUT)
  -------------------------------------------------------------------    -------------------

Slack:                    inf
  Source:                 cpu/core/registers/registers_reg[3][6]/C
                            (rising edge-triggered cell FDRE clocked by sys_clk_pin  {rise@0.000ns fall@5.000ns period=10.000ns})
  Destination:            led[6]
                            (output port)
  Path Group:             (none)
  Path Type:              Min at Fast Process Corner
  Data Path Delay:        2.135ns  (logic 1.348ns (63.151%)  route 0.787ns (36.849%))
  Logic Levels:           1  (OBUF=1)
  Clock Uncertainty:      0.025ns  ((TSJ^2 + TIJ^2)^1/2 + DJ) / 2 + PE
    Total System Jitter     (TSJ):    0.050ns
    Total Input Jitter      (TIJ):    0.000ns
    Discrete Jitter          (DJ):    0.000ns
    Phase Error              (PE):    0.000ns

    Location             Delay type                Incr(ns)  Path(ns)    Netlist Resource(s)
  -------------------------------------------------------------------    -------------------
                         (clock sys_clk_pin rise edge)
                                                      0.000     0.000 r  
    W5                                                0.000     0.000 r  clk (IN)
                         net (fo=0)                   0.000     0.000    clk
    W5                   IBUF (Prop_ibuf_I_O)         0.226     0.226 r  clk_IBUF_inst/O
                         net (fo=1, routed)           0.631     0.858    clk_IBUF
    BUFGCTRL_X0Y0        BUFG (Prop_bufg_I_O)         0.026     0.884 r  clk_IBUF_BUFG_inst/O
                         net (fo=94, routed)          0.586     1.469    cpu/core/registers/CLK
    SLICE_X3Y29          FDRE                                         r  cpu/core/registers/registers_reg[3][6]/C
  -------------------------------------------------------------------    -------------------
    SLICE_X3Y29          FDRE (Prop_fdre_C_Q)         0.141     1.610 r  cpu/core/registers/registers_reg[3][6]/Q
                         net (fo=4, routed)           0.787     2.397    led_OBUF[6]
    U14                  OBUF (Prop_obuf_I_O)         1.207     3.604 r  led_OBUF[6]_inst/O
                         net (fo=0)                   0.000     3.604    led[6]
    U14                                                               r  led[6] (OUT)
  -------------------------------------------------------------------    -------------------

Slack:                    inf
  Source:                 cpu/core/registers/registers_reg[3][9]/C
                            (rising edge-triggered cell FDRE clocked by sys_clk_pin  {rise@0.000ns fall@5.000ns period=10.000ns})
  Destination:            led[9]
                            (output port)
  Path Group:             (none)
  Path Type:              Min at Fast Process Corner
  Data Path Delay:        2.464ns  (logic 1.350ns (54.808%)  route 1.113ns (45.192%))
  Logic Levels:           1  (OBUF=1)
  Clock Uncertainty:      0.025ns  ((TSJ^2 + TIJ^2)^1/2 + DJ) / 2 + PE
    Total System Jitter     (TSJ):    0.050ns
    Total Input Jitter      (TIJ):    0.000ns
    Discrete Jitter          (DJ):    0.000ns
    Phase Error              (PE):    0.000ns

    Location             Delay type                Incr(ns)  Path(ns)    Netlist Resource(s)
  -------------------------------------------------------------------    -------------------
                         (clock sys_clk_pin rise edge)
                                                      0.000     0.000 r  
    W5                                                0.000     0.000 r  clk (IN)
                         net (fo=0)                   0.000     0.000    clk
    W5                   IBUF (Prop_ibuf_I_O)         0.226     0.226 r  clk_IBUF_inst/O
                         net (fo=1, routed)           0.631     0.858    clk_IBUF
    BUFGCTRL_X0Y0        BUFG (Prop_bufg_I_O)         0.026     0.884 r  clk_IBUF_BUFG_inst/O
                         net (fo=94, routed)          0.587     1.470    cpu/core/registers/CLK
    SLICE_X3Y30          FDRE                                         r  cpu/core/registers/registers_reg[3][9]/C
  -------------------------------------------------------------------    -------------------
    SLICE_X3Y30          FDRE (Prop_fdre_C_Q)         0.141     1.611 r  cpu/core/registers/registers_reg[3][9]/Q
                         net (fo=4, routed)           1.113     2.725    led_OBUF[9]
    V3                   OBUF (Prop_obuf_I_O)         1.209     3.934 r  led_OBUF[9]_inst/O
                         net (fo=0)                   0.000     3.934    led[9]
    V3                                                                r  led[9] (OUT)
  -------------------------------------------------------------------    -------------------





--------------------------------------------------------------------------------------
Path Group:  (none)
From Clock:  
  To Clock:  sys_clk_pin

Max Delay            94 Endpoints
Min Delay            94 Endpoints
--------------------------------------------------------------------------------------


Max Delay Paths
--------------------------------------------------------------------------------------
Slack:                    inf
  Source:                 reset
                            (input port)
  Destination:            cpu/core/registers/registers_reg[3][24]/R
                            (rising edge-triggered cell FDRE clocked by sys_clk_pin  {rise@0.000ns fall@5.000ns period=10.000ns})
  Path Group:             (none)
  Path Type:              Setup (Max at Slow Process Corner)
  Data Path Delay:        4.467ns  (logic 1.453ns (32.521%)  route 3.015ns (67.479%))
  Logic Levels:           1  (IBUF=1)
  Clock Path Skew:        4.852ns (DCD - SCD + CPR)
    Destination Clock Delay (DCD):    4.852ns
    Source Clock Delay      (SCD):    0.000ns
    Clock Pessimism Removal (CPR):    0.000ns
  Clock Uncertainty:      0.025ns  ((TSJ^2 + TIJ^2)^1/2 + DJ) / 2 + PE
    Total System Jitter     (TSJ):    0.050ns
    Total Input Jitter      (TIJ):    0.000ns
    Discrete Jitter          (DJ):    0.000ns
    Phase Error              (PE):    0.000ns

    Location             Delay type                Incr(ns)  Path(ns)    Netlist Resource(s)
  -------------------------------------------------------------------    -------------------
    V17                                               0.000     0.000 r  reset (IN)
                         net (fo=0)                   0.000     0.000    reset
    V17                  IBUF (Prop_ibuf_I_O)         1.453     1.453 r  reset_IBUF_inst/O
                         net (fo=94, routed)          3.015     4.467    cpu/core/registers/SR[0]
    SLICE_X4Y34          FDRE                                         r  cpu/core/registers/registers_reg[3][24]/R
  -------------------------------------------------------------------    -------------------

                         (clock sys_clk_pin rise edge)
                                                      0.000     0.000 r  
    W5                                                0.000     0.000 r  clk (IN)
                         net (fo=0)                   0.000     0.000    clk
    W5                   IBUF (Prop_ibuf_I_O)         1.388     1.388 r  clk_IBUF_inst/O
                         net (fo=1, routed)           1.862     3.250    clk_IBUF
    BUFGCTRL_X0Y0        BUFG (Prop_bufg_I_O)         0.091     3.341 r  clk_IBUF_BUFG_inst/O
                         net (fo=94, routed)          1.511     4.852    cpu/core/registers/CLK
    SLICE_X4Y34          FDRE                                         r  cpu/core/registers/registers_reg[3][24]/C

Slack:                    inf
  Source:                 reset
                            (input port)
  Destination:            cpu/core/registers/registers_reg[3][25]/R
                            (rising edge-triggered cell FDRE clocked by sys_clk_pin  {rise@0.000ns fall@5.000ns period=10.000ns})
  Path Group:             (none)
  Path Type:              Setup (Max at Slow Process Corner)
  Data Path Delay:        4.467ns  (logic 1.453ns (32.521%)  route 3.015ns (67.479%))
  Logic Levels:           1  (IBUF=1)
  Clock Path Skew:        4.852ns (DCD - SCD + CPR)
    Destination Clock Delay (DCD):    4.852ns
    Source Clock Delay      (SCD):    0.000ns
    Clock Pessimism Removal (CPR):    0.000ns
  Clock Uncertainty:      0.025ns  ((TSJ^2 + TIJ^2)^1/2 + DJ) / 2 + PE
    Total System Jitter     (TSJ):    0.050ns
    Total Input Jitter      (TIJ):    0.000ns
    Discrete Jitter          (DJ):    0.000ns
    Phase Error              (PE):    0.000ns

    Location             Delay type                Incr(ns)  Path(ns)    Netlist Resource(s)
  -------------------------------------------------------------------    -------------------
    V17                                               0.000     0.000 r  reset (IN)
                         net (fo=0)                   0.000     0.000    reset
    V17                  IBUF (Prop_ibuf_I_O)         1.453     1.453 r  reset_IBUF_inst/O
                         net (fo=94, routed)          3.015     4.467    cpu/core/registers/SR[0]
    SLICE_X4Y34          FDRE                                         r  cpu/core/registers/registers_reg[3][25]/R
  -------------------------------------------------------------------    -------------------

                         (clock sys_clk_pin rise edge)
                                                      0.000     0.000 r  
    W5                                                0.000     0.000 r  clk (IN)
                         net (fo=0)                   0.000     0.000    clk
    W5                   IBUF (Prop_ibuf_I_O)         1.388     1.388 r  clk_IBUF_inst/O
                         net (fo=1, routed)           1.862     3.250    clk_IBUF
    BUFGCTRL_X0Y0        BUFG (Prop_bufg_I_O)         0.091     3.341 r  clk_IBUF_BUFG_inst/O
                         net (fo=94, routed)          1.511     4.852    cpu/core/registers/CLK
    SLICE_X4Y34          FDRE                                         r  cpu/core/registers/registers_reg[3][25]/C

Slack:                    inf
  Source:                 reset
                            (input port)
  Destination:            cpu/core/registers/registers_reg[3][26]/R
                            (rising edge-triggered cell FDRE clocked by sys_clk_pin  {rise@0.000ns fall@5.000ns period=10.000ns})
  Path Group:             (none)
  Path Type:              Setup (Max at Slow Process Corner)
  Data Path Delay:        4.467ns  (logic 1.453ns (32.521%)  route 3.015ns (67.479%))
  Logic Levels:           1  (IBUF=1)
  Clock Path Skew:        4.852ns (DCD - SCD + CPR)
    Destination Clock Delay (DCD):    4.852ns
    Source Clock Delay      (SCD):    0.000ns
    Clock Pessimism Removal (CPR):    0.000ns
  Clock Uncertainty:      0.025ns  ((TSJ^2 + TIJ^2)^1/2 + DJ) / 2 + PE
    Total System Jitter     (TSJ):    0.050ns
    Total Input Jitter      (TIJ):    0.000ns
    Discrete Jitter          (DJ):    0.000ns
    Phase Error              (PE):    0.000ns

    Location             Delay type                Incr(ns)  Path(ns)    Netlist Resource(s)
  -------------------------------------------------------------------    -------------------
    V17                                               0.000     0.000 r  reset (IN)
                         net (fo=0)                   0.000     0.000    reset
    V17                  IBUF (Prop_ibuf_I_O)         1.453     1.453 r  reset_IBUF_inst/O
                         net (fo=94, routed)          3.015     4.467    cpu/core/registers/SR[0]
    SLICE_X4Y34          FDRE                                         r  cpu/core/registers/registers_reg[3][26]/R
  -------------------------------------------------------------------    -------------------

                         (clock sys_clk_pin rise edge)
                                                      0.000     0.000 r  
    W5                                                0.000     0.000 r  clk (IN)
                         net (fo=0)                   0.000     0.000    clk
    W5                   IBUF (Prop_ibuf_I_O)         1.388     1.388 r  clk_IBUF_inst/O
                         net (fo=1, routed)           1.862     3.250    clk_IBUF
    BUFGCTRL_X0Y0        BUFG (Prop_bufg_I_O)         0.091     3.341 r  clk_IBUF_BUFG_inst/O
                         net (fo=94, routed)          1.511     4.852    cpu/core/registers/CLK
    SLICE_X4Y34          FDRE                                         r  cpu/core/registers/registers_reg[3][26]/C

Slack:                    inf
  Source:                 reset
                            (input port)
  Destination:            cpu/core/registers/registers_reg[3][27]/R
                            (rising edge-triggered cell FDRE clocked by sys_clk_pin  {rise@0.000ns fall@5.000ns period=10.000ns})
  Path Group:             (none)
  Path Type:              Setup (Max at Slow Process Corner)
  Data Path Delay:        4.467ns  (logic 1.453ns (32.521%)  route 3.015ns (67.479%))
  Logic Levels:           1  (IBUF=1)
  Clock Path Skew:        4.852ns (DCD - SCD + CPR)
    Destination Clock Delay (DCD):    4.852ns
    Source Clock Delay      (SCD):    0.000ns
    Clock Pessimism Removal (CPR):    0.000ns
  Clock Uncertainty:      0.025ns  ((TSJ^2 + TIJ^2)^1/2 + DJ) / 2 + PE
    Total System Jitter     (TSJ):    0.050ns
    Total Input Jitter      (TIJ):    0.000ns
    Discrete Jitter          (DJ):    0.000ns
    Phase Error              (PE):    0.000ns

    Location             Delay type                Incr(ns)  Path(ns)    Netlist Resource(s)
  -------------------------------------------------------------------    -------------------
    V17                                               0.000     0.000 r  reset (IN)
                         net (fo=0)                   0.000     0.000    reset
    V17                  IBUF (Prop_ibuf_I_O)         1.453     1.453 r  reset_IBUF_inst/O
                         net (fo=94, routed)          3.015     4.467    cpu/core/registers/SR[0]
    SLICE_X4Y34          FDRE                                         r  cpu/core/registers/registers_reg[3][27]/R
  -------------------------------------------------------------------    -------------------

                         (clock sys_clk_pin rise edge)
                                                      0.000     0.000 r  
    W5                                                0.000     0.000 r  clk (IN)
                         net (fo=0)                   0.000     0.000    clk
    W5                   IBUF (Prop_ibuf_I_O)         1.388     1.388 r  clk_IBUF_inst/O
                         net (fo=1, routed)           1.862     3.250    clk_IBUF
    BUFGCTRL_X0Y0        BUFG (Prop_bufg_I_O)         0.091     3.341 r  clk_IBUF_BUFG_inst/O
                         net (fo=94, routed)          1.511     4.852    cpu/core/registers/CLK
    SLICE_X4Y34          FDRE                                         r  cpu/core/registers/registers_reg[3][27]/C

Slack:                    inf
  Source:                 reset
                            (input port)
  Destination:            cpu/counter/pc_reg[30]/R
                            (rising edge-triggered cell FDRE clocked by sys_clk_pin  {rise@0.000ns fall@5.000ns period=10.000ns})
  Path Group:             (none)
  Path Type:              Setup (Max at Slow Process Corner)
  Data Path Delay:        4.439ns  (logic 1.453ns (32.727%)  route 2.986ns (67.273%))
  Logic Levels:           1  (IBUF=1)
  Clock Path Skew:        4.857ns (DCD - SCD + CPR)
    Destination Clock Delay (DCD):    4.857ns
    Source Clock Delay      (SCD):    0.000ns
    Clock Pessimism Removal (CPR):    0.000ns
  Clock Uncertainty:      0.025ns  ((TSJ^2 + TIJ^2)^1/2 + DJ) / 2 + PE
    Total System Jitter     (TSJ):    0.050ns
    Total Input Jitter      (TIJ):    0.000ns
    Discrete Jitter          (DJ):    0.000ns
    Phase Error              (PE):    0.000ns

    Location             Delay type                Incr(ns)  Path(ns)    Netlist Resource(s)
  -------------------------------------------------------------------    -------------------
    V17                                               0.000     0.000 r  reset (IN)
                         net (fo=0)                   0.000     0.000    reset
    V17                  IBUF (Prop_ibuf_I_O)         1.453     1.453 r  reset_IBUF_inst/O
                         net (fo=94, routed)          2.986     4.439    cpu/counter/SR[0]
    SLICE_X3Y38          FDRE                                         r  cpu/counter/pc_reg[30]/R
  -------------------------------------------------------------------    -------------------

                         (clock sys_clk_pin rise edge)
                                                      0.000     0.000 r  
    W5                                                0.000     0.000 r  clk (IN)
                         net (fo=0)                   0.000     0.000    clk
    W5                   IBUF (Prop_ibuf_I_O)         1.388     1.388 r  clk_IBUF_inst/O
                         net (fo=1, routed)           1.862     3.250    clk_IBUF
    BUFGCTRL_X0Y0        BUFG (Prop_bufg_I_O)         0.091     3.341 r  clk_IBUF_BUFG_inst/O
                         net (fo=94, routed)          1.516     4.857    cpu/counter/CLK
    SLICE_X3Y38          FDRE                                         r  cpu/counter/pc_reg[30]/C

Slack:                    inf
  Source:                 reset
                            (input port)
  Destination:            cpu/counter/pc_reg[31]/R
                            (rising edge-triggered cell FDRE clocked by sys_clk_pin  {rise@0.000ns fall@5.000ns period=10.000ns})
  Path Group:             (none)
  Path Type:              Setup (Max at Slow Process Corner)
  Data Path Delay:        4.439ns  (logic 1.453ns (32.727%)  route 2.986ns (67.273%))
  Logic Levels:           1  (IBUF=1)
  Clock Path Skew:        4.857ns (DCD - SCD + CPR)
    Destination Clock Delay (DCD):    4.857ns
    Source Clock Delay      (SCD):    0.000ns
    Clock Pessimism Removal (CPR):    0.000ns
  Clock Uncertainty:      0.025ns  ((TSJ^2 + TIJ^2)^1/2 + DJ) / 2 + PE
    Total System Jitter     (TSJ):    0.050ns
    Total Input Jitter      (TIJ):    0.000ns
    Discrete Jitter          (DJ):    0.000ns
    Phase Error              (PE):    0.000ns

    Location             Delay type                Incr(ns)  Path(ns)    Netlist Resource(s)
  -------------------------------------------------------------------    -------------------
    V17                                               0.000     0.000 r  reset (IN)
                         net (fo=0)                   0.000     0.000    reset
    V17                  IBUF (Prop_ibuf_I_O)         1.453     1.453 r  reset_IBUF_inst/O
                         net (fo=94, routed)          2.986     4.439    cpu/counter/SR[0]
    SLICE_X3Y38          FDRE                                         r  cpu/counter/pc_reg[31]/R
  -------------------------------------------------------------------    -------------------

                         (clock sys_clk_pin rise edge)
                                                      0.000     0.000 r  
    W5                                                0.000     0.000 r  clk (IN)
                         net (fo=0)                   0.000     0.000    clk
    W5                   IBUF (Prop_ibuf_I_O)         1.388     1.388 r  clk_IBUF_inst/O
                         net (fo=1, routed)           1.862     3.250    clk_IBUF
    BUFGCTRL_X0Y0        BUFG (Prop_bufg_I_O)         0.091     3.341 r  clk_IBUF_BUFG_inst/O
                         net (fo=94, routed)          1.516     4.857    cpu/counter/CLK
    SLICE_X3Y38          FDRE                                         r  cpu/counter/pc_reg[31]/C

Slack:                    inf
  Source:                 reset
                            (input port)
  Destination:            cpu/counter/pc_reg[26]/R
                            (rising edge-triggered cell FDRE clocked by sys_clk_pin  {rise@0.000ns fall@5.000ns period=10.000ns})
  Path Group:             (none)
  Path Type:              Setup (Max at Slow Process Corner)
  Data Path Delay:        4.301ns  (logic 1.453ns (33.781%)  route 2.848ns (66.219%))
  Logic Levels:           1  (IBUF=1)
  Clock Path Skew:        4.856ns (DCD - SCD + CPR)
    Destination Clock Delay (DCD):    4.856ns
    Source Clock Delay      (SCD):    0.000ns
    Clock Pessimism Removal (CPR):    0.000ns
  Clock Uncertainty:      0.025ns  ((TSJ^2 + TIJ^2)^1/2 + DJ) / 2 + PE
    Total System Jitter     (TSJ):    0.050ns
    Total Input Jitter      (TIJ):    0.000ns
    Discrete Jitter          (DJ):    0.000ns
    Phase Error              (PE):    0.000ns

    Location             Delay type                Incr(ns)  Path(ns)    Netlist Resource(s)
  -------------------------------------------------------------------    -------------------
    V17                                               0.000     0.000 r  reset (IN)
                         net (fo=0)                   0.000     0.000    reset
    V17                  IBUF (Prop_ibuf_I_O)         1.453     1.453 r  reset_IBUF_inst/O
                         net (fo=94, routed)          2.848     4.301    cpu/counter/SR[0]
    SLICE_X3Y37          FDRE                                         r  cpu/counter/pc_reg[26]/R
  -------------------------------------------------------------------    -------------------

                         (clock sys_clk_pin rise edge)
                                                      0.000     0.000 r  
    W5                                                0.000     0.000 r  clk (IN)
                         net (fo=0)                   0.000     0.000    clk
    W5                   IBUF (Prop_ibuf_I_O)         1.388     1.388 r  clk_IBUF_inst/O
                         net (fo=1, routed)           1.862     3.250    clk_IBUF
    BUFGCTRL_X0Y0        BUFG (Prop_bufg_I_O)         0.091     3.341 r  clk_IBUF_BUFG_inst/O
                         net (fo=94, routed)          1.515     4.856    cpu/counter/CLK
    SLICE_X3Y37          FDRE                                         r  cpu/counter/pc_reg[26]/C

Slack:                    inf
  Source:                 reset
                            (input port)
  Destination:            cpu/counter/pc_reg[27]/R
                            (rising edge-triggered cell FDRE clocked by sys_clk_pin  {rise@0.000ns fall@5.000ns period=10.000ns})
  Path Group:             (none)
  Path Type:              Setup (Max at Slow Process Corner)
  Data Path Delay:        4.301ns  (logic 1.453ns (33.781%)  route 2.848ns (66.219%))
  Logic Levels:           1  (IBUF=1)
  Clock Path Skew:        4.856ns (DCD - SCD + CPR)
    Destination Clock Delay (DCD):    4.856ns
    Source Clock Delay      (SCD):    0.000ns
    Clock Pessimism Removal (CPR):    0.000ns
  Clock Uncertainty:      0.025ns  ((TSJ^2 + TIJ^2)^1/2 + DJ) / 2 + PE
    Total System Jitter     (TSJ):    0.050ns
    Total Input Jitter      (TIJ):    0.000ns
    Discrete Jitter          (DJ):    0.000ns
    Phase Error              (PE):    0.000ns

    Location             Delay type                Incr(ns)  Path(ns)    Netlist Resource(s)
  -------------------------------------------------------------------    -------------------
    V17                                               0.000     0.000 r  reset (IN)
                         net (fo=0)                   0.000     0.000    reset
    V17                  IBUF (Prop_ibuf_I_O)         1.453     1.453 r  reset_IBUF_inst/O
                         net (fo=94, routed)          2.848     4.301    cpu/counter/SR[0]
    SLICE_X3Y37          FDRE                                         r  cpu/counter/pc_reg[27]/R
  -------------------------------------------------------------------    -------------------

                         (clock sys_clk_pin rise edge)
                                                      0.000     0.000 r  
    W5                                                0.000     0.000 r  clk (IN)
                         net (fo=0)                   0.000     0.000    clk
    W5                   IBUF (Prop_ibuf_I_O)         1.388     1.388 r  clk_IBUF_inst/O
                         net (fo=1, routed)           1.862     3.250    clk_IBUF
    BUFGCTRL_X0Y0        BUFG (Prop_bufg_I_O)         0.091     3.341 r  clk_IBUF_BUFG_inst/O
                         net (fo=94, routed)          1.515     4.856    cpu/counter/CLK
    SLICE_X3Y37          FDRE                                         r  cpu/counter/pc_reg[27]/C

Slack:                    inf
  Source:                 reset
                            (input port)
  Destination:            cpu/counter/pc_reg[28]/R
                            (rising edge-triggered cell FDRE clocked by sys_clk_pin  {rise@0.000ns fall@5.000ns period=10.000ns})
  Path Group:             (none)
  Path Type:              Setup (Max at Slow Process Corner)
  Data Path Delay:        4.301ns  (logic 1.453ns (33.781%)  route 2.848ns (66.219%))
  Logic Levels:           1  (IBUF=1)
  Clock Path Skew:        4.856ns (DCD - SCD + CPR)
    Destination Clock Delay (DCD):    4.856ns
    Source Clock Delay      (SCD):    0.000ns
    Clock Pessimism Removal (CPR):    0.000ns
  Clock Uncertainty:      0.025ns  ((TSJ^2 + TIJ^2)^1/2 + DJ) / 2 + PE
    Total System Jitter     (TSJ):    0.050ns
    Total Input Jitter      (TIJ):    0.000ns
    Discrete Jitter          (DJ):    0.000ns
    Phase Error              (PE):    0.000ns

    Location             Delay type                Incr(ns)  Path(ns)    Netlist Resource(s)
  -------------------------------------------------------------------    -------------------
    V17                                               0.000     0.000 r  reset (IN)
                         net (fo=0)                   0.000     0.000    reset
    V17                  IBUF (Prop_ibuf_I_O)         1.453     1.453 r  reset_IBUF_inst/O
                         net (fo=94, routed)          2.848     4.301    cpu/counter/SR[0]
    SLICE_X3Y37          FDRE                                         r  cpu/counter/pc_reg[28]/R
  -------------------------------------------------------------------    -------------------

                         (clock sys_clk_pin rise edge)
                                                      0.000     0.000 r  
    W5                                                0.000     0.000 r  clk (IN)
                         net (fo=0)                   0.000     0.000    clk
    W5                   IBUF (Prop_ibuf_I_O)         1.388     1.388 r  clk_IBUF_inst/O
                         net (fo=1, routed)           1.862     3.250    clk_IBUF
    BUFGCTRL_X0Y0        BUFG (Prop_bufg_I_O)         0.091     3.341 r  clk_IBUF_BUFG_inst/O
                         net (fo=94, routed)          1.515     4.856    cpu/counter/CLK
    SLICE_X3Y37          FDRE                                         r  cpu/counter/pc_reg[28]/C

Slack:                    inf
  Source:                 reset
                            (input port)
  Destination:            cpu/counter/pc_reg[29]/R
                            (rising edge-triggered cell FDRE clocked by sys_clk_pin  {rise@0.000ns fall@5.000ns period=10.000ns})
  Path Group:             (none)
  Path Type:              Setup (Max at Slow Process Corner)
  Data Path Delay:        4.301ns  (logic 1.453ns (33.781%)  route 2.848ns (66.219%))
  Logic Levels:           1  (IBUF=1)
  Clock Path Skew:        4.856ns (DCD - SCD + CPR)
    Destination Clock Delay (DCD):    4.856ns
    Source Clock Delay      (SCD):    0.000ns
    Clock Pessimism Removal (CPR):    0.000ns
  Clock Uncertainty:      0.025ns  ((TSJ^2 + TIJ^2)^1/2 + DJ) / 2 + PE
    Total System Jitter     (TSJ):    0.050ns
    Total Input Jitter      (TIJ):    0.000ns
    Discrete Jitter          (DJ):    0.000ns
    Phase Error              (PE):    0.000ns

    Location             Delay type                Incr(ns)  Path(ns)    Netlist Resource(s)
  -------------------------------------------------------------------    -------------------
    V17                                               0.000     0.000 r  reset (IN)
                         net (fo=0)                   0.000     0.000    reset
    V17                  IBUF (Prop_ibuf_I_O)         1.453     1.453 r  reset_IBUF_inst/O
                         net (fo=94, routed)          2.848     4.301    cpu/counter/SR[0]
    SLICE_X3Y37          FDRE                                         r  cpu/counter/pc_reg[29]/R
  -------------------------------------------------------------------    -------------------

                         (clock sys_clk_pin rise edge)
                                                      0.000     0.000 r  
    W5                                                0.000     0.000 r  clk (IN)
                         net (fo=0)                   0.000     0.000    clk
    W5                   IBUF (Prop_ibuf_I_O)         1.388     1.388 r  clk_IBUF_inst/O
                         net (fo=1, routed)           1.862     3.250    clk_IBUF
    BUFGCTRL_X0Y0        BUFG (Prop_bufg_I_O)         0.091     3.341 r  clk_IBUF_BUFG_inst/O
                         net (fo=94, routed)          1.515     4.856    cpu/counter/CLK
    SLICE_X3Y37          FDRE                                         r  cpu/counter/pc_reg[29]/C





Min Delay Paths
--------------------------------------------------------------------------------------
Slack:                    inf
  Source:                 reset
                            (input port)
  Destination:            cpu/core/registers/registers_reg[2][4]/R
                            (rising edge-triggered cell FDRE clocked by sys_clk_pin  {rise@0.000ns fall@5.000ns period=10.000ns})
  Path Group:             (none)
  Path Type:              Hold (Min at Fast Process Corner)
  Data Path Delay:        0.968ns  (logic 0.221ns (22.820%)  route 0.747ns (77.180%))
  Logic Levels:           1  (IBUF=1)
  Clock Path Skew:        1.982ns (DCD - SCD - CPR)
    Destination Clock Delay (DCD):    1.982ns
    Source Clock Delay      (SCD):    0.000ns
    Clock Pessimism Removal (CPR):    -0.000ns

    Location             Delay type                Incr(ns)  Path(ns)    Netlist Resource(s)
  -------------------------------------------------------------------    -------------------
    V17                                               0.000     0.000 r  reset (IN)
                         net (fo=0)                   0.000     0.000    reset
    V17                  IBUF (Prop_ibuf_I_O)         0.221     0.221 r  reset_IBUF_inst/O
                         net (fo=94, routed)          0.747     0.968    cpu/core/registers/SR[0]
    SLICE_X2Y29          FDRE                                         r  cpu/core/registers/registers_reg[2][4]/R
  -------------------------------------------------------------------    -------------------

                         (clock sys_clk_pin rise edge)
                                                      0.000     0.000 r  
    W5                                                0.000     0.000 r  clk (IN)
                         net (fo=0)                   0.000     0.000    clk
    W5                   IBUF (Prop_ibuf_I_O)         0.414     0.414 r  clk_IBUF_inst/O
                         net (fo=1, routed)           0.685     1.099    clk_IBUF
    BUFGCTRL_X0Y0        BUFG (Prop_bufg_I_O)         0.029     1.128 r  clk_IBUF_BUFG_inst/O
                         net (fo=94, routed)          0.855     1.982    cpu/core/registers/CLK
    SLICE_X2Y29          FDRE                                         r  cpu/core/registers/registers_reg[2][4]/C

Slack:                    inf
  Source:                 reset
                            (input port)
  Destination:            cpu/core/registers/registers_reg[2][5]/R
                            (rising edge-triggered cell FDRE clocked by sys_clk_pin  {rise@0.000ns fall@5.000ns period=10.000ns})
  Path Group:             (none)
  Path Type:              Hold (Min at Fast Process Corner)
  Data Path Delay:        0.968ns  (logic 0.221ns (22.820%)  route 0.747ns (77.180%))
  Logic Levels:           1  (IBUF=1)
  Clock Path Skew:        1.982ns (DCD - SCD - CPR)
    Destination Clock Delay (DCD):    1.982ns
    Source Clock Delay      (SCD):    0.000ns
    Clock Pessimism Removal (CPR):    -0.000ns

    Location             Delay type                Incr(ns)  Path(ns)    Netlist Resource(s)
  -------------------------------------------------------------------    -------------------
    V17                                               0.000     0.000 r  reset (IN)
                         net (fo=0)                   0.000     0.000    reset
    V17                  IBUF (Prop_ibuf_I_O)         0.221     0.221 r  reset_IBUF_inst/O
                         net (fo=94, routed)          0.747     0.968    cpu/core/registers/SR[0]
    SLICE_X2Y29          FDRE                                         r  cpu/core/registers/registers_reg[2][5]/R
  -------------------------------------------------------------------    -------------------

                         (clock sys_clk_pin rise edge)
                                                      0.000     0.000 r  
    W5                                                0.000     0.000 r  clk (IN)
                         net (fo=0)                   0.000     0.000    clk
    W5                   IBUF (Prop_ibuf_I_O)         0.414     0.414 r  clk_IBUF_inst/O
                         net (fo=1, routed)           0.685     1.099    clk_IBUF
    BUFGCTRL_X0Y0        BUFG (Prop_bufg_I_O)         0.029     1.128 r  clk_IBUF_BUFG_inst/O
                         net (fo=94, routed)          0.855     1.982    cpu/core/registers/CLK
    SLICE_X2Y29          FDRE                                         r  cpu/core/registers/registers_reg[2][5]/C

Slack:                    inf
  Source:                 reset
                            (input port)
  Destination:            cpu/core/registers/registers_reg[2][6]/R
                            (rising edge-triggered cell FDRE clocked by sys_clk_pin  {rise@0.000ns fall@5.000ns period=10.000ns})
  Path Group:             (none)
  Path Type:              Hold (Min at Fast Process Corner)
  Data Path Delay:        0.968ns  (logic 0.221ns (22.820%)  route 0.747ns (77.180%))
  Logic Levels:           1  (IBUF=1)
  Clock Path Skew:        1.982ns (DCD - SCD - CPR)
    Destination Clock Delay (DCD):    1.982ns
    Source Clock Delay      (SCD):    0.000ns
    Clock Pessimism Removal (CPR):    -0.000ns

    Location             Delay type                Incr(ns)  Path(ns)    Netlist Resource(s)
  -------------------------------------------------------------------    -------------------
    V17                                               0.000     0.000 r  reset (IN)
                         net (fo=0)                   0.000     0.000    reset
    V17                  IBUF (Prop_ibuf_I_O)         0.221     0.221 r  reset_IBUF_inst/O
                         net (fo=94, routed)          0.747     0.968    cpu/core/registers/SR[0]
    SLICE_X2Y29          FDRE                                         r  cpu/core/registers/registers_reg[2][6]/R
  -------------------------------------------------------------------    -------------------

                         (clock sys_clk_pin rise edge)
                                                      0.000     0.000 r  
    W5                                                0.000     0.000 r  clk (IN)
                         net (fo=0)                   0.000     0.000    clk
    W5                   IBUF (Prop_ibuf_I_O)         0.414     0.414 r  clk_IBUF_inst/O
                         net (fo=1, routed)           0.685     1.099    clk_IBUF
    BUFGCTRL_X0Y0        BUFG (Prop_bufg_I_O)         0.029     1.128 r  clk_IBUF_BUFG_inst/O
                         net (fo=94, routed)          0.855     1.982    cpu/core/registers/CLK
    SLICE_X2Y29          FDRE                                         r  cpu/core/registers/registers_reg[2][6]/C

Slack:                    inf
  Source:                 reset
                            (input port)
  Destination:            cpu/core/registers/registers_reg[2][7]/R
                            (rising edge-triggered cell FDRE clocked by sys_clk_pin  {rise@0.000ns fall@5.000ns period=10.000ns})
  Path Group:             (none)
  Path Type:              Hold (Min at Fast Process Corner)
  Data Path Delay:        0.968ns  (logic 0.221ns (22.820%)  route 0.747ns (77.180%))
  Logic Levels:           1  (IBUF=1)
  Clock Path Skew:        1.982ns (DCD - SCD - CPR)
    Destination Clock Delay (DCD):    1.982ns
    Source Clock Delay      (SCD):    0.000ns
    Clock Pessimism Removal (CPR):    -0.000ns

    Location             Delay type                Incr(ns)  Path(ns)    Netlist Resource(s)
  -------------------------------------------------------------------    -------------------
    V17                                               0.000     0.000 r  reset (IN)
                         net (fo=0)                   0.000     0.000    reset
    V17                  IBUF (Prop_ibuf_I_O)         0.221     0.221 r  reset_IBUF_inst/O
                         net (fo=94, routed)          0.747     0.968    cpu/core/registers/SR[0]
    SLICE_X2Y29          FDRE                                         r  cpu/core/registers/registers_reg[2][7]/R
  -------------------------------------------------------------------    -------------------

                         (clock sys_clk_pin rise edge)
                                                      0.000     0.000 r  
    W5                                                0.000     0.000 r  clk (IN)
                         net (fo=0)                   0.000     0.000    clk
    W5                   IBUF (Prop_ibuf_I_O)         0.414     0.414 r  clk_IBUF_inst/O
                         net (fo=1, routed)           0.685     1.099    clk_IBUF
    BUFGCTRL_X0Y0        BUFG (Prop_bufg_I_O)         0.029     1.128 r  clk_IBUF_BUFG_inst/O
                         net (fo=94, routed)          0.855     1.982    cpu/core/registers/CLK
    SLICE_X2Y29          FDRE                                         r  cpu/core/registers/registers_reg[2][7]/C

Slack:                    inf
  Source:                 reset
                            (input port)
  Destination:            cpu/core/registers/registers_reg[3][4]/R
                            (rising edge-triggered cell FDRE clocked by sys_clk_pin  {rise@0.000ns fall@5.000ns period=10.000ns})
  Path Group:             (none)
  Path Type:              Hold (Min at Fast Process Corner)
  Data Path Delay:        0.968ns  (logic 0.221ns (22.820%)  route 0.747ns (77.180%))
  Logic Levels:           1  (IBUF=1)
  Clock Path Skew:        1.982ns (DCD - SCD - CPR)
    Destination Clock Delay (DCD):    1.982ns
    Source Clock Delay      (SCD):    0.000ns
    Clock Pessimism Removal (CPR):    -0.000ns

    Location             Delay type                Incr(ns)  Path(ns)    Netlist Resource(s)
  -------------------------------------------------------------------    -------------------
    V17                                               0.000     0.000 r  reset (IN)
                         net (fo=0)                   0.000     0.000    reset
    V17                  IBUF (Prop_ibuf_I_O)         0.221     0.221 r  reset_IBUF_inst/O
                         net (fo=94, routed)          0.747     0.968    cpu/core/registers/SR[0]
    SLICE_X3Y29          FDRE                                         r  cpu/core/registers/registers_reg[3][4]/R
  -------------------------------------------------------------------    -------------------

                         (clock sys_clk_pin rise edge)
                                                      0.000     0.000 r  
    W5                                                0.000     0.000 r  clk (IN)
                         net (fo=0)                   0.000     0.000    clk
    W5                   IBUF (Prop_ibuf_I_O)         0.414     0.414 r  clk_IBUF_inst/O
                         net (fo=1, routed)           0.685     1.099    clk_IBUF
    BUFGCTRL_X0Y0        BUFG (Prop_bufg_I_O)         0.029     1.128 r  clk_IBUF_BUFG_inst/O
                         net (fo=94, routed)          0.855     1.982    cpu/core/registers/CLK
    SLICE_X3Y29          FDRE                                         r  cpu/core/registers/registers_reg[3][4]/C

Slack:                    inf
  Source:                 reset
                            (input port)
  Destination:            cpu/core/registers/registers_reg[3][5]/R
                            (rising edge-triggered cell FDRE clocked by sys_clk_pin  {rise@0.000ns fall@5.000ns period=10.000ns})
  Path Group:             (none)
  Path Type:              Hold (Min at Fast Process Corner)
  Data Path Delay:        0.968ns  (logic 0.221ns (22.820%)  route 0.747ns (77.180%))
  Logic Levels:           1  (IBUF=1)
  Clock Path Skew:        1.982ns (DCD - SCD - CPR)
    Destination Clock Delay (DCD):    1.982ns
    Source Clock Delay      (SCD):    0.000ns
    Clock Pessimism Removal (CPR):    -0.000ns

    Location             Delay type                Incr(ns)  Path(ns)    Netlist Resource(s)
  -------------------------------------------------------------------    -------------------
    V17                                               0.000     0.000 r  reset (IN)
                         net (fo=0)                   0.000     0.000    reset
    V17                  IBUF (Prop_ibuf_I_O)         0.221     0.221 r  reset_IBUF_inst/O
                         net (fo=94, routed)          0.747     0.968    cpu/core/registers/SR[0]
    SLICE_X3Y29          FDRE                                         r  cpu/core/registers/registers_reg[3][5]/R
  -------------------------------------------------------------------    -------------------

                         (clock sys_clk_pin rise edge)
                                                      0.000     0.000 r  
    W5                                                0.000     0.000 r  clk (IN)
                         net (fo=0)                   0.000     0.000    clk
    W5                   IBUF (Prop_ibuf_I_O)         0.414     0.414 r  clk_IBUF_inst/O
                         net (fo=1, routed)           0.685     1.099    clk_IBUF
    BUFGCTRL_X0Y0        BUFG (Prop_bufg_I_O)         0.029     1.128 r  clk_IBUF_BUFG_inst/O
                         net (fo=94, routed)          0.855     1.982    cpu/core/registers/CLK
    SLICE_X3Y29          FDRE                                         r  cpu/core/registers/registers_reg[3][5]/C

Slack:                    inf
  Source:                 reset
                            (input port)
  Destination:            cpu/core/registers/registers_reg[3][6]/R
                            (rising edge-triggered cell FDRE clocked by sys_clk_pin  {rise@0.000ns fall@5.000ns period=10.000ns})
  Path Group:             (none)
  Path Type:              Hold (Min at Fast Process Corner)
  Data Path Delay:        0.968ns  (logic 0.221ns (22.820%)  route 0.747ns (77.180%))
  Logic Levels:           1  (IBUF=1)
  Clock Path Skew:        1.982ns (DCD - SCD - CPR)
    Destination Clock Delay (DCD):    1.982ns
    Source Clock Delay      (SCD):    0.000ns
    Clock Pessimism Removal (CPR):    -0.000ns

    Location             Delay type                Incr(ns)  Path(ns)    Netlist Resource(s)
  -------------------------------------------------------------------    -------------------
    V17                                               0.000     0.000 r  reset (IN)
                         net (fo=0)                   0.000     0.000    reset
    V17                  IBUF (Prop_ibuf_I_O)         0.221     0.221 r  reset_IBUF_inst/O
                         net (fo=94, routed)          0.747     0.968    cpu/core/registers/SR[0]
    SLICE_X3Y29          FDRE                                         r  cpu/core/registers/registers_reg[3][6]/R
  -------------------------------------------------------------------    -------------------

                         (clock sys_clk_pin rise edge)
                                                      0.000     0.000 r  
    W5                                                0.000     0.000 r  clk (IN)
                         net (fo=0)                   0.000     0.000    clk
    W5                   IBUF (Prop_ibuf_I_O)         0.414     0.414 r  clk_IBUF_inst/O
                         net (fo=1, routed)           0.685     1.099    clk_IBUF
    BUFGCTRL_X0Y0        BUFG (Prop_bufg_I_O)         0.029     1.128 r  clk_IBUF_BUFG_inst/O
                         net (fo=94, routed)          0.855     1.982    cpu/core/registers/CLK
    SLICE_X3Y29          FDRE                                         r  cpu/core/registers/registers_reg[3][6]/C

Slack:                    inf
  Source:                 reset
                            (input port)
  Destination:            cpu/core/registers/registers_reg[3][7]/R
                            (rising edge-triggered cell FDRE clocked by sys_clk_pin  {rise@0.000ns fall@5.000ns period=10.000ns})
  Path Group:             (none)
  Path Type:              Hold (Min at Fast Process Corner)
  Data Path Delay:        0.968ns  (logic 0.221ns (22.820%)  route 0.747ns (77.180%))
  Logic Levels:           1  (IBUF=1)
  Clock Path Skew:        1.982ns (DCD - SCD - CPR)
    Destination Clock Delay (DCD):    1.982ns
    Source Clock Delay      (SCD):    0.000ns
    Clock Pessimism Removal (CPR):    -0.000ns

    Location             Delay type                Incr(ns)  Path(ns)    Netlist Resource(s)
  -------------------------------------------------------------------    -------------------
    V17                                               0.000     0.000 r  reset (IN)
                         net (fo=0)                   0.000     0.000    reset
    V17                  IBUF (Prop_ibuf_I_O)         0.221     0.221 r  reset_IBUF_inst/O
                         net (fo=94, routed)          0.747     0.968    cpu/core/registers/SR[0]
    SLICE_X3Y29          FDRE                                         r  cpu/core/registers/registers_reg[3][7]/R
  -------------------------------------------------------------------    -------------------

                         (clock sys_clk_pin rise edge)
                                                      0.000     0.000 r  
    W5                                                0.000     0.000 r  clk (IN)
                         net (fo=0)                   0.000     0.000    clk
    W5                   IBUF (Prop_ibuf_I_O)         0.414     0.414 r  clk_IBUF_inst/O
                         net (fo=1, routed)           0.685     1.099    clk_IBUF
    BUFGCTRL_X0Y0        BUFG (Prop_bufg_I_O)         0.029     1.128 r  clk_IBUF_BUFG_inst/O
                         net (fo=94, routed)          0.855     1.982    cpu/core/registers/CLK
    SLICE_X3Y29          FDRE                                         r  cpu/core/registers/registers_reg[3][7]/C

Slack:                    inf
  Source:                 reset
                            (input port)
  Destination:            cpu/core/registers/registers_reg[2][12]/R
                            (rising edge-triggered cell FDRE clocked by sys_clk_pin  {rise@0.000ns fall@5.000ns period=10.000ns})
  Path Group:             (none)
  Path Type:              Hold (Min at Fast Process Corner)
  Data Path Delay:        1.006ns  (logic 0.221ns (21.954%)  route 0.786ns (78.046%))
  Logic Levels:           1  (IBUF=1)
  Clock Path Skew:        1.984ns (DCD - SCD - CPR)
    Destination Clock Delay (DCD):    1.984ns
    Source Clock Delay      (SCD):    0.000ns
    Clock Pessimism Removal (CPR):    -0.000ns

    Location             Delay type                Incr(ns)  Path(ns)    Netlist Resource(s)
  -------------------------------------------------------------------    -------------------
    V17                                               0.000     0.000 r  reset (IN)
                         net (fo=0)                   0.000     0.000    reset
    V17                  IBUF (Prop_ibuf_I_O)         0.221     0.221 r  reset_IBUF_inst/O
                         net (fo=94, routed)          0.786     1.006    cpu/core/registers/SR[0]
    SLICE_X2Y31          FDRE                                         r  cpu/core/registers/registers_reg[2][12]/R
  -------------------------------------------------------------------    -------------------

                         (clock sys_clk_pin rise edge)
                                                      0.000     0.000 r  
    W5                                                0.000     0.000 r  clk (IN)
                         net (fo=0)                   0.000     0.000    clk
    W5                   IBUF (Prop_ibuf_I_O)         0.414     0.414 r  clk_IBUF_inst/O
                         net (fo=1, routed)           0.685     1.099    clk_IBUF
    BUFGCTRL_X0Y0        BUFG (Prop_bufg_I_O)         0.029     1.128 r  clk_IBUF_BUFG_inst/O
                         net (fo=94, routed)          0.857     1.984    cpu/core/registers/CLK
    SLICE_X2Y31          FDRE                                         r  cpu/core/registers/registers_reg[2][12]/C

Slack:                    inf
  Source:                 reset
                            (input port)
  Destination:            cpu/core/registers/registers_reg[2][13]/R
                            (rising edge-triggered cell FDRE clocked by sys_clk_pin  {rise@0.000ns fall@5.000ns period=10.000ns})
  Path Group:             (none)
  Path Type:              Hold (Min at Fast Process Corner)
  Data Path Delay:        1.006ns  (logic 0.221ns (21.954%)  route 0.786ns (78.046%))
  Logic Levels:           1  (IBUF=1)
  Clock Path Skew:        1.984ns (DCD - SCD - CPR)
    Destination Clock Delay (DCD):    1.984ns
    Source Clock Delay      (SCD):    0.000ns
    Clock Pessimism Removal (CPR):    -0.000ns

    Location             Delay type                Incr(ns)  Path(ns)    Netlist Resource(s)
  -------------------------------------------------------------------    -------------------
    V17                                               0.000     0.000 r  reset (IN)
                         net (fo=0)                   0.000     0.000    reset
    V17                  IBUF (Prop_ibuf_I_O)         0.221     0.221 r  reset_IBUF_inst/O
                         net (fo=94, routed)          0.786     1.006    cpu/core/registers/SR[0]
    SLICE_X2Y31          FDRE                                         r  cpu/core/registers/registers_reg[2][13]/R
  -------------------------------------------------------------------    -------------------

                         (clock sys_clk_pin rise edge)
                                                      0.000     0.000 r  
    W5                                                0.000     0.000 r  clk (IN)
                         net (fo=0)                   0.000     0.000    clk
    W5                   IBUF (Prop_ibuf_I_O)         0.414     0.414 r  clk_IBUF_inst/O
                         net (fo=1, routed)           0.685     1.099    clk_IBUF
    BUFGCTRL_X0Y0        BUFG (Prop_bufg_I_O)         0.029     1.128 r  clk_IBUF_BUFG_inst/O
                         net (fo=94, routed)          0.857     1.984    cpu/core/registers/CLK
    SLICE_X2Y31          FDRE                                         r  cpu/core/registers/registers_reg[2][13]/C





